customer_id,name,email,region,signup_date,tier
CUST-5001,Allison Hill,donaldgarcia@example.net,US,2024-09-22,Bronze
CUST-5002,Angie Henderson,davisjesse@example.net,EMEA,2025-07-18,Silver
CUST-5003,Cristian Santos,lrobinson@example.com,APAC,2024-01-08,Silver
CUST-5004,Abigail Shaffer,jpeterson@example.org,APAC,2024-02-04,Silver
CUST-5005,Gabrielle Davis,howardmaurice@example.com,APAC,2026-08-16,Gold
CUST-5006,Monica Herrera,smiller@example.net,APAC,2025-06-19,Gold
CUST-5007,Shannon Ray,williamsjeremy@example.com,US,2025-03-02,Platinum
CUST-5008,Dr. Sharon James,xreid@example.org,LATAM,2024-05-16,Gold
CUST-5009,Daniel Adams,lynchgeorge@example.net,LATAM,2024-01-28,Platinum
CUST-5010,Joel Nelson,gabriellecameron@example.org,EMEA,2024-11-26,Silver
CUST-5011,Andrew Stewart,carl95@example.org,APAC,2024-09-10,Bronze
CUST-5012,Jennifer Rocha,ithomas@example.org,LATAM,2025-03-26,Silver
CUST-5013,Kimberly Burgess,zhurst@example.com,APAC,2026-04-05,Gold
CUST-5014,Zachary Hicks,camposmichelle@example.org,APAC,2024-09-30,Gold
CUST-5015,Rebecca Henderson,cruzcaitlin@example.com,EMEA,2024-02-16,Bronze
CUST-5016,Tricia Valencia,frazierdanny@example.net,LATAM,2026-03-29,Bronze
CUST-5017,Patricia Peterson,ryan70@example.net,EMEA,2023-10-24,Platinum
CUST-5018,Deborah Mason,williamrodriguez@example.net,APAC,2025-12-29,Silver
CUST-5019,Mark Lynch,nathanielmartin@example.net,APAC,2025-10-02,Gold
CUST-5020,Linda Burns,hickmannatasha@example.com,EMEA,2025-02-23,Gold
CUST-5021,David Bradley,millertodd@example.org,EMEA,2024-02-15,Gold
CUST-5022,Kim Martinez,karroyo@example.com,EMEA,2023-09-22,Platinum
CUST-5023,Lisa Brandt,jenniferross@example.net,EMEA,2024-12-05,Gold
CUST-5024,Jessica Holmes,wrightcaleb@example.org,EMEA,2026-03-21,Silver
CUST-5025,Crystal Robinson,zimmermanbrian@example.org,EMEA,2026-01-03,Platinum
CUST-5026,Shannon Jones,joshuawashington@example.net,US,2025-11-18,Gold
CUST-5027,Timothy Duncan,esanchez@example.com,LATAM,2025-12-04,Bronze
CUST-5028,Brent Jordan,ujenkins@example.org,US,2023-12-24,Silver
CUST-5029,Victoria Garcia,zchandler@example.org,US,2025-07-13,Gold
CUST-5030,Connor West,dwhite@example.org,APAC,2025-05-10,Platinum
CUST-5031,Angela Morton,williamsyvette@example.org,EMEA,2024-05-29,Platinum
CUST-5032,Tammy Allison,richardolson@example.com,APAC,2026-01-08,Silver
CUST-5033,Carmen Smith,ybaker@example.com,EMEA,2024-09-11,Gold
CUST-5034,Michael Cross,smoore@example.org,APAC,2024-08-11,Gold
CUST-5035,Lauren Daniels,brian97@example.net,APAC,2026-01-16,Platinum
CUST-5036,Kim Brown,yorkcasey@example.org,US,2025-09-13,Platinum
CUST-5037,Cynthia Wilson,bethwilliams@example.org,LATAM,2024-01-16,Silver
CUST-5038,Kevin Mills,james53@example.com,LATAM,2026-05-01,Bronze
CUST-5039,Michael Evans,sarah10@example.com,APAC,2025-04-26,Gold
CUST-5040,Kristine Garcia,williamanderson@example.com,LATAM,2024-06-04,Silver
CUST-5041,Sherry Wood,samueldaniels@example.com,LATAM,2026-05-20,Gold
CUST-5042,Victoria Valdez,contrerasangela@example.net,US,2025-06-24,Bronze
CUST-5043,Shawn Baker,newtoneric@example.com,APAC,2025-08-08,Bronze
CUST-5044,Michelle Harris,william40@example.org,APAC,2023-10-23,Gold
CUST-5045,Sandra Williams,kellie42@example.net,LATAM,2026-08-06,Silver
CUST-5046,Michael Hoffman,jonesnicole@example.org,EMEA,2023-11-12,Gold
CUST-5047,Sandra Aguilar,russellwilliams@example.com,US,2024-10-06,Gold
CUST-5048,Rebecca Valencia,jason31@example.com,LATAM,2026-06-18,Bronze
CUST-5049,Stacey Russell,sarayoung@example.org,US,2024-09-23,Bronze
CUST-5050,Rita Keith,whitesandra@example.com,LATAM,2025-03-08,Silver
CUST-5051,Sharon Cochran,erik16@example.org,EMEA,2024-02-01,Platinum
CUST-5052,Courtney Velasquez,ybailey@example.org,APAC,2024-05-21,Bronze
CUST-5053,Matthew Ross,michelle45@example.net,LATAM,2024-01-14,Silver
CUST-5054,Meghan Anthony,sheila14@example.org,APAC,2024-01-29,Gold
CUST-5055,Victoria Johnson,yreed@example.com,US,2025-05-18,Gold
CUST-5056,William Wilson,jonathanfletcher@example.org,EMEA,2025-02-27,Platinum
CUST-5057,Renee Mcdaniel,michaeljones@example.net,US,2024-09-13,Gold
CUST-5058,Lisa Alvarado,cortezkevin@example.com,EMEA,2024-02-18,Silver
CUST-5059,Erika Terry,jamesortega@example.com,US,2026-06-22,Gold
CUST-5060,Stephanie Gilbert,richard04@example.com,LATAM,2025-03-19,Silver
CUST-5061,Richard Lawson,steven73@example.net,EMEA,2025-04-20,Gold
CUST-5062,Steven Flynn,donnacampbell@example.net,EMEA,2024-11-06,Gold
CUST-5063,Frances Cardenas,emilywalker@example.org,US,2026-08-26,Silver
CUST-5064,Angel Riggs,gibsonolivia@example.net,APAC,2025-11-14,Bronze
CUST-5065,Michael Snyder,dylanwatts@example.org,EMEA,2023-09-30,Bronze
CUST-5066,Colleen Brock,pwilliams@example.org,US,2025-07-10,Silver
CUST-5067,Robert Contreras,stephanie79@example.net,EMEA,2026-05-15,Silver
CUST-5068,Jessica Meadows,vmerritt@example.com,APAC,2026-05-10,Bronze
CUST-5069,Paul Larsen,katie87@example.net,APAC,2025-10-25,Silver
CUST-5070,Jeremiah Reeves,josephflores@example.net,APAC,2026-06-12,Gold
CUST-5071,Chris Reyes,jasminebrown@example.com,LATAM,2026-04-13,Platinum
CUST-5072,John Brown,xprice@example.net,LATAM,2024-05-20,Bronze
CUST-5073,Alicia Gilmore,wwoods@example.com,APAC,2024-05-27,Silver
CUST-5074,Sarah Ashley,vmedina@example.net,LATAM,2025-09-29,Platinum
CUST-5075,Stephanie Freeman,ryan06@example.com,EMEA,2024-02-26,Bronze
CUST-5076,Rebecca Ramsey,ncalhoun@example.net,US,2026-07-26,Platinum
CUST-5077,James Elliott,millerroy@example.com,APAC,2023-12-08,Gold
CUST-5078,David Murphy,wmurphy@example.com,LATAM,2025-01-08,Silver
CUST-5079,Trevor Fisher,ruizkaitlyn@example.org,EMEA,2024-08-14,Bronze
CUST-5080,Mrs. Marie Harrington DDS,herringjames@example.org,APAC,2026-01-08,Bronze
CUST-5081,Cynthia Wells,elliottjeffery@example.net,EMEA,2025-06-13,Gold
CUST-5082,Jacob Obrien,stricklandfrank@example.com,US,2025-08-11,Bronze
CUST-5083,Alexander Collins,tsanders@example.org,EMEA,2025-10-05,Silver
CUST-5084,Michael Burton,terrykevin@example.net,APAC,2025-04-02,Platinum
CUST-5085,Barbara Riggs,reedross@example.com,LATAM,2025-03-21,Platinum
CUST-5086,Matthew Smith,gshort@example.com,LATAM,2025-06-03,Bronze
CUST-5087,Madison Poole,ryangross@example.net,LATAM,2024-04-12,Gold
CUST-5088,Robert Medina,umarshall@example.net,EMEA,2024-03-25,Gold
CUST-5089,Samuel Rivas,ramirezshannon@example.com,APAC,2026-07-17,Bronze
CUST-5090,Mary Rogers,lrosales@example.com,APAC,2025-03-02,Silver
CUST-5091,Robert Peterson,angela83@example.org,US,2025-12-31,Gold
CUST-5092,Jason Peters,hannahbrewer@example.com,LATAM,2024-10-25,Silver
CUST-5093,Alan Phillips,tholt@example.net,EMEA,2026-07-25,Gold
CUST-5094,Kara Schmidt,jbarajas@example.com,APAC,2024-11-15,Silver
CUST-5095,Jesse Parker,davidlee@example.org,LATAM,2026-02-07,Gold
CUST-5096,Tiffany Vaughn,javierwashington@example.net,EMEA,2024-09-11,Bronze
CUST-5097,Paige Carlson,wallkenneth@example.com,LATAM,2025-10-21,Gold
CUST-5098,Adrian Ferguson,brandon08@example.com,US,2024-08-10,Gold
CUST-5099,Beth Oneill,agarcia@example.net,APAC,2023-09-27,Platinum
CUST-5100,John Peterson,kingmichelle@example.org,LATAM,2026-05-14,Silver
CUST-5101,Jennifer Jones,hernandezlisa@example.com,EMEA,2025-11-01,Silver
CUST-5102,David Grant,yobrien@example.net,LATAM,2025-10-30,Platinum
CUST-5103,Joseph Hayes,levans@example.com,US,2023-11-01,Bronze
CUST-5104,Marc Lynch,mezajared@example.org,LATAM,2026-06-30,Gold
CUST-5105,Brad Allen,moorericky@example.net,EMEA,2025-08-29,Gold
CUST-5106,Doris Hall,jacqueline71@example.net,APAC,2024-12-02,Bronze
CUST-5107,Dennis Moody,ronaldstephens@example.net,APAC,2024-11-27,Silver
CUST-5108,Derek Thomas,martinkyle@example.net,US,2024-04-14,Gold
CUST-5109,Tammy Gonzales,sbarker@example.com,LATAM,2026-02-18,Silver
CUST-5110,Kathryn Snyder,georgepamela@example.net,US,2024-03-04,Platinum
CUST-5111,David Davis,keyemily@example.com,LATAM,2025-10-05,Gold
CUST-5112,Pamela Thompson,lmoon@example.net,US,2025-11-20,Bronze
CUST-5113,Robert Costa,vbailey@example.com,US,2024-09-16,Silver
CUST-5114,Shannon Rivera,zroberts@example.net,US,2025-01-08,Platinum
CUST-5115,Brandon King,cordovarichard@example.net,LATAM,2025-05-25,Platinum
CUST-5116,April Booth,mgutierrez@example.net,US,2023-10-18,Bronze
CUST-5117,Peter Garrett,harrisandrea@example.com,EMEA,2025-03-13,Bronze
CUST-5118,Michael Martinez,jennifercollins@example.org,US,2024-09-19,Gold
CUST-5119,Anna Gay,murraydavid@example.org,APAC,2025-03-07,Gold
CUST-5120,Dr. Jordan Hill PhD,jsanchez@example.org,EMEA,2024-02-29,Bronze
CUST-5121,Thomas Romero,michellehill@example.com,US,2024-12-09,Gold
CUST-5122,Richard Adams,campbellkenneth@example.net,US,2023-11-14,Gold
CUST-5123,Mary Grimes,wryan@example.com,LATAM,2026-08-20,Platinum
CUST-5124,Kimberly Gibson,molly39@example.com,US,2024-09-16,Gold
CUST-5125,Reginald Williams,zthornton@example.com,APAC,2024-06-03,Silver
CUST-5126,Matthew Hoover,tylerjohnson@example.net,APAC,2026-01-10,Platinum
CUST-5127,Evelyn Garcia,dgarcia@example.org,US,2026-06-24,Platinum
CUST-5128,Jennifer Pena,charlesharrington@example.com,EMEA,2023-09-25,Bronze
CUST-5129,Michael Santos,melissa86@example.com,LATAM,2024-12-09,Platinum
CUST-5130,Stacy Freeman,williamsonjimmy@example.net,APAC,2025-05-07,Bronze
CUST-5131,Yolanda Francis,wgood@example.net,LATAM,2024-12-06,Bronze
CUST-5132,Ashlee Jackson,rebecca05@example.org,US,2024-12-16,Gold
CUST-5133,James Thomas,yknight@example.org,EMEA,2025-08-17,Silver
CUST-5134,Bob Pitts,tyleraguilar@example.org,LATAM,2024-01-19,Platinum
CUST-5135,David Scott,nolansteven@example.com,EMEA,2024-02-09,Bronze
CUST-5136,Brooke Alexander,vanessa46@example.net,EMEA,2024-03-28,Silver
CUST-5137,Ryan Gonzalez,gcastaneda@example.org,EMEA,2024-03-05,Platinum
CUST-5138,Ian Phillips,andrew64@example.org,LATAM,2024-07-25,Gold
CUST-5139,Melissa Garner,lozanojulie@example.com,APAC,2024-04-26,Platinum
CUST-5140,Crystal Pham,danaoliver@example.net,LATAM,2026-02-06,Gold
CUST-5141,Patricia Becker,courtneyberger@example.net,LATAM,2025-05-05,Bronze
CUST-5142,Richard Johnson,jessica14@example.com,US,2026-01-12,Platinum
CUST-5143,Casey Anderson,alyssa42@example.com,EMEA,2023-10-07,Gold
CUST-5144,Terry Coffey,julie51@example.com,EMEA,2025-11-22,Bronze
CUST-5145,Brenda Levy,zcoffey@example.net,US,2023-11-24,Platinum
CUST-5146,Richard Smith,gibsonemily@example.net,LATAM,2023-09-28,Gold
CUST-5147,James Little,daniel37@example.org,APAC,2023-12-02,Gold
CUST-5148,Terri Murphy,deborahreid@example.com,APAC,2024-05-21,Gold
CUST-5149,Elizabeth Ortiz,brandonjohnson@example.com,APAC,2025-07-11,Gold
CUST-5150,David Medina,qchavez@example.net,US,2026-03-06,Bronze
CUST-5151,Kimberly Matthews,nicolepena@example.com,US,2026-03-18,Silver
CUST-5152,Teresa Ramirez,jeff73@example.com,APAC,2023-09-26,Bronze
CUST-5153,Michael Stephens,bruce43@example.org,US,2025-03-02,Gold
CUST-5154,Samantha Davis,darleneharper@example.org,US,2026-03-29,Bronze
CUST-5155,Gavin Zhang,caseyhubbard@example.org,APAC,2026-03-02,Bronze
CUST-5156,Robin Hall,kristinacarlson@example.com,LATAM,2026-03-18,Gold
CUST-5157,Brianna Anderson,lauren10@example.org,EMEA,2024-01-18,Bronze
CUST-5158,Richard Young,alfred40@example.org,LATAM,2024-11-29,Platinum
CUST-5159,Kelly Reese,xwest@example.net,EMEA,2026-02-16,Silver
CUST-5160,Jodi Walker,acostaregina@example.net,US,2025-08-11,Silver
CUST-5161,Judith Maynard,lutzmelanie@example.com,APAC,2026-04-16,Gold
CUST-5162,Katherine Browning,lammarc@example.org,APAC,2024-11-11,Gold
CUST-5163,Donald Schultz,oscar98@example.com,US,2023-12-28,Bronze
CUST-5164,Larry Garcia,farrelldebra@example.net,US,2023-11-16,Silver
CUST-5165,Cindy Hayes,robertwilcox@example.com,EMEA,2024-01-31,Platinum
CUST-5166,Brandon Simmons,nicholas27@example.org,APAC,2025-02-27,Platinum
CUST-5167,Bradley Reynolds,lisa80@example.net,APAC,2025-01-19,Gold
CUST-5168,Kristina Santiago,qgomez@example.com,APAC,2025-02-16,Gold
CUST-5169,Michelle Schmitt,michael98@example.org,US,2024-01-30,Silver
CUST-5170,John Boone,megan51@example.com,US,2024-07-03,Gold
CUST-5171,Renee Bruce,lynchdiane@example.net,LATAM,2025-01-11,Platinum
CUST-5172,Christopher Park,sandra50@example.org,APAC,2024-03-22,Bronze
CUST-5173,Kylie Morales,joycebonilla@example.org,APAC,2023-12-16,Platinum
CUST-5174,Cindy Barnes,eric45@example.net,APAC,2025-10-31,Silver
CUST-5175,Sophia Moore,craigjoseph@example.net,LATAM,2026-01-07,Bronze
CUST-5176,Lawrence Perry,kariwilson@example.com,LATAM,2023-10-26,Silver
CUST-5177,Michael Watkins,brandon69@example.org,EMEA,2025-07-02,Gold
CUST-5178,Eric Clark,kathrynroberts@example.org,APAC,2024-09-14,Platinum
CUST-5179,Paul Thompson,opatel@example.net,US,2024-08-25,Silver
CUST-5180,Mary Gomez,chensley@example.com,APAC,2026-07-22,Gold
CUST-5181,Thomas Atkins,tberry@example.net,US,2024-06-26,Silver
CUST-5182,Brian Smith,george97@example.net,EMEA,2024-12-20,Bronze
CUST-5183,Anita Richard,ryanmorales@example.org,LATAM,2025-10-22,Silver
CUST-5184,Eric Morgan,kimberly18@example.net,APAC,2024-04-25,Platinum
CUST-5185,Jordan Bullock,michael23@example.org,EMEA,2025-02-13,Bronze
CUST-5186,Craig Morrison,thompsonkendra@example.com,LATAM,2025-01-09,Bronze
CUST-5187,Justin Riley,michelle52@example.com,EMEA,2025-03-10,Platinum
CUST-5188,Jeremy Turner,brittany58@example.org,US,2024-11-02,Gold
CUST-5189,Jesse Brown,chase19@example.net,LATAM,2025-05-09,Silver
CUST-5190,Julie Spencer,colelisa@example.net,US,2024-06-03,Platinum
CUST-5191,Larry Mason,hayeslisa@example.com,APAC,2026-07-20,Silver
CUST-5192,Mrs. Maria Williams,hritter@example.net,APAC,2023-10-08,Bronze
CUST-5193,Helen Hardin,vortiz@example.net,US,2026-07-30,Silver
CUST-5194,Rachel Holland,riveraangela@example.com,US,2024-01-08,Platinum
CUST-5195,Nathaniel Douglas,mathewaguilar@example.org,APAC,2023-12-20,Gold
CUST-5196,Emily Douglas,tanderson@example.org,EMEA,2024-04-20,Gold
CUST-5197,James Conner,elizabethcalderon@example.net,US,2025-07-14,Silver
CUST-5198,Susan Davis DDS,andrew42@example.org,APAC,2025-10-31,Silver
CUST-5199,Ralph Lee,ericphillips@example.org,APAC,2025-12-28,Bronze
CUST-5200,Kimberly Rodgers,stanleynancy@example.net,US,2024-06-07,Silver
CUST-5201,James Martin,jenniferwilliams@example.com,APAC,2024-11-15,Silver
CUST-5202,Cynthia Wallace,karen73@example.net,APAC,2025-10-30,Silver
CUST-5203,Vincent Mueller,michealvalentine@example.com,APAC,2023-11-23,Silver
CUST-5204,Douglas Reyes,mburch@example.net,EMEA,2024-12-16,Silver
CUST-5205,David Davidson,angela18@example.org,US,2025-03-02,Platinum
CUST-5206,Phillip Nelson,mariahdavis@example.org,APAC,2026-05-06,Bronze
CUST-5207,Stacey Arias,gbrown@example.com,EMEA,2025-03-30,Silver
CUST-5208,Zachary Brooks,florescory@example.net,APAC,2025-09-30,Silver
CUST-5209,Raven Taylor,samantha72@example.net,APAC,2025-12-16,Gold
CUST-5210,Luis Bullock,scottmary@example.net,LATAM,2024-04-14,Bronze
CUST-5211,Lisa Henderson,john10@example.org,US,2024-03-05,Bronze
CUST-5212,Riley Bryant,copelandvincent@example.net,US,2023-10-26,Platinum
CUST-5213,Jose Allen,kellysmith@example.com,APAC,2025-07-25,Bronze
CUST-5214,Jason Beck,millsmichael@example.net,APAC,2025-04-28,Platinum
CUST-5215,Rachel Romero,myerstheodore@example.net,APAC,2024-11-19,Bronze
CUST-5216,James Burgess,kristina53@example.net,EMEA,2025-03-18,Gold
CUST-5217,Ashley Perkins,dennis58@example.com,EMEA,2024-12-22,Platinum
CUST-5218,Carrie Maxwell,epollard@example.net,APAC,2025-12-07,Platinum
CUST-5219,Chad Baldwin,mjohnson@example.org,US,2026-07-06,Gold
CUST-5220,Stacey Stewart,zachary87@example.com,LATAM,2023-10-11,Gold
CUST-5221,Matthew Mitchell,glennmartin@example.org,APAC,2025-03-30,Silver
CUST-5222,Jessica Ross,ykline@example.com,LATAM,2024-09-29,Silver
CUST-5223,Kathleen Jimenez,laurie61@example.com,APAC,2026-06-28,Platinum
CUST-5224,Samantha Gardner,curtis54@example.com,EMEA,2025-04-01,Bronze
CUST-5225,Mitchell Jackson,cbell@example.net,APAC,2023-09-23,Platinum
CUST-5226,Heather Bolton,danielle01@example.net,APAC,2025-02-28,Silver
CUST-5227,Heidi Owen,stephaniethomas@example.net,US,2026-05-21,Platinum
CUST-5228,Jessica Martinez,kimberlydiaz@example.com,APAC,2026-08-23,Bronze
CUST-5229,Amanda Hernandez,xrush@example.com,LATAM,2024-02-13,Silver
CUST-5230,Laura Moreno,redwards@example.org,LATAM,2024-03-25,Platinum
CUST-5231,Allison Lopez,hmcintyre@example.com,EMEA,2024-08-18,Platinum
CUST-5232,Michele Lewis,heather73@example.org,US,2023-12-10,Gold
CUST-5233,Benjamin Thompson,zosborn@example.net,APAC,2024-01-17,Silver
CUST-5234,Victoria Contreras,piercekelly@example.com,EMEA,2025-05-13,Silver
CUST-5235,Michelle Ho,laurahicks@example.org,APAC,2023-11-09,Platinum
CUST-5236,Dr. Cynthia Snyder,angela57@example.net,APAC,2026-06-17,Silver
CUST-5237,Stephen Jones,ukey@example.com,EMEA,2023-09-04,Bronze
CUST-5238,Patricia Morrow,martinezlogan@example.org,LATAM,2024-11-02,Gold
CUST-5239,Michael Cooper,katrinaanderson@example.net,LATAM,2024-02-05,Bronze
CUST-5240,Amy Martinez,kevinmartin@example.net,LATAM,2025-09-21,Bronze
CUST-5241,Travis Stone,meghan43@example.net,US,2025-10-22,Platinum
CUST-5242,Denise Weber,shawgary@example.net,APAC,2024-06-03,Gold
CUST-5243,Matthew Le,megan90@example.org,EMEA,2026-06-20,Silver
CUST-5244,Travis Wise,debra96@example.net,EMEA,2025-10-09,Silver
CUST-5245,Kathleen Burton,dawn47@example.org,EMEA,2024-02-14,Platinum
CUST-5246,Melinda Evans,barkereric@example.com,LATAM,2026-01-07,Silver
CUST-5247,Mr. Lawrence Edwards,jessica56@example.org,APAC,2024-03-01,Bronze
CUST-5248,Kayla Rodriguez,stevenadams@example.org,LATAM,2026-03-24,Bronze
CUST-5249,Anthony Dougherty,kwright@example.com,US,2026-04-24,Platinum
CUST-5250,Michelle Lee,tyronerobertson@example.com,EMEA,2024-11-13,Gold
CUST-5251,Kathleen Davis,pwagner@example.org,LATAM,2024-06-22,Platinum
CUST-5252,Amber Campbell,amitchell@example.org,LATAM,2025-01-07,Silver
CUST-5253,Stephen Luna,zdiaz@example.org,US,2024-08-08,Bronze
CUST-5254,Chloe Tran,hughesshannon@example.net,LATAM,2024-04-27,Gold
CUST-5255,William Becker,andersoncolin@example.com,EMEA,2025-01-01,Bronze
CUST-5256,Gina Mcmillan,jameshicks@example.net,US,2023-12-01,Platinum
CUST-5257,Andrew Reeves,jstone@example.net,LATAM,2023-12-07,Bronze
CUST-5258,Brenda Velazquez,francisco94@example.net,US,2025-05-08,Silver
CUST-5259,Ronald Patel,thomas05@example.com,APAC,2025-01-23,Silver
CUST-5260,Veronica Silva,carlsonjoseph@example.net,US,2026-08-29,Silver
CUST-5261,Paula Lane,silvageorge@example.net,EMEA,2025-05-30,Bronze
CUST-5262,Patricia James,anthonyvaughan@example.org,LATAM,2023-09-05,Bronze
CUST-5263,Jeremy Barnes,avaughn@example.net,EMEA,2024-11-15,Bronze
CUST-5264,Tami Salas,thorntonapril@example.net,APAC,2025-07-27,Bronze
CUST-5265,Matthew Fox,sue78@example.com,US,2025-05-19,Silver
CUST-5266,Megan Dillon,chelsea33@example.com,EMEA,2024-08-06,Silver
CUST-5267,Courtney Dudley,kellie37@example.com,APAC,2026-01-29,Platinum
CUST-5268,Justin Michael,keith98@example.com,US,2025-06-08,Silver
CUST-5269,Jennifer Reed,kellyroberts@example.net,US,2024-08-06,Gold
CUST-5270,Thomas Douglas,ilewis@example.com,US,2023-10-13,Platinum
CUST-5271,Melissa Taylor,johnsantiago@example.net,LATAM,2024-08-15,Silver
CUST-5272,David Garcia,jennifer12@example.org,APAC,2025-11-23,Silver
CUST-5273,Vanessa Moore,mwoods@example.com,US,2023-12-21,Silver
CUST-5274,Matthew Velez,pearsonjesse@example.net,APAC,2023-09-29,Platinum
CUST-5275,Taylor Gentry,robertmonroe@example.org,US,2025-06-27,Bronze
CUST-5276,Jennifer Simpson DVM,nancy04@example.net,APAC,2024-04-25,Bronze
CUST-5277,Tanya Rogers,ihays@example.net,LATAM,2025-02-12,Platinum
CUST-5278,Todd Rosales MD,lisarivera@example.net,APAC,2024-05-05,Bronze
CUST-5279,David Lopez,krystal93@example.org,US,2025-06-03,Platinum
CUST-5280,Margaret Sullivan,frobertson@example.com,EMEA,2026-04-16,Platinum
CUST-5281,Cathy Taylor,shari04@example.com,US,2023-12-24,Platinum
CUST-5282,Paul Finley,brandi90@example.com,LATAM,2024-07-16,Gold
CUST-5283,Melissa Brown,marshallerik@example.net,EMEA,2025-02-20,Bronze
CUST-5284,Stephanie Padilla,hannah45@example.net,EMEA,2025-12-30,Bronze
CUST-5285,Tyler Mendoza,madkins@example.com,US,2026-06-07,Gold
CUST-5286,Joshua Ruiz,kathleenbecker@example.net,APAC,2025-03-12,Platinum
CUST-5287,Angela Griffin,christian91@example.org,EMEA,2025-09-08,Gold
CUST-5288,Stephanie Harris,franklinbond@example.com,APAC,2024-02-04,Bronze
CUST-5289,Daniel Aguilar,nolansean@example.org,US,2026-02-04,Platinum
CUST-5290,Jose Bryant,hansenemily@example.com,EMEA,2025-11-28,Gold
CUST-5291,Jennifer Velasquez,bethwilliams@example.com,APAC,2025-09-07,Bronze
CUST-5292,Kimberly Brown,andersenthomas@example.com,APAC,2025-12-07,Platinum
CUST-5293,Randy Cannon,ybrooks@example.com,LATAM,2025-08-29,Gold
CUST-5294,Susan Bennett,desireebailey@example.org,US,2025-10-12,Gold
CUST-5295,Jenna Anderson DVM,avilatiffany@example.com,LATAM,2025-09-22,Silver
CUST-5296,Kimberly Patel,johnreed@example.com,US,2025-04-25,Bronze
CUST-5297,Shaun Cannon,pachecorobert@example.org,APAC,2025-03-05,Gold
CUST-5298,Austin Wheeler,tharper@example.org,LATAM,2026-04-16,Platinum
CUST-5299,Andrew Gonzales,karenparsons@example.org,APAC,2025-05-11,Platinum
CUST-5300,Donna Cabrera,barbara53@example.com,LATAM,2024-01-29,Gold
CUST-5301,Victoria Boyd,dturner@example.net,APAC,2024-03-16,Platinum
CUST-5302,Sheryl Buck,dpeters@example.com,LATAM,2024-03-13,Bronze
CUST-5303,Megan Floyd,heather62@example.com,EMEA,2023-10-25,Platinum
CUST-5304,Paul Wells,kevinzimmerman@example.com,EMEA,2026-07-09,Silver
CUST-5305,Kristina Faulkner,paulscott@example.com,LATAM,2024-12-24,Gold
CUST-5306,Tammy Boone,nicholsmaria@example.org,EMEA,2024-03-14,Bronze
CUST-5307,Michael Morrison,lopezkathleen@example.net,APAC,2024-07-13,Gold
CUST-5308,Claire Clark,kevin03@example.org,LATAM,2023-09-04,Platinum
CUST-5309,Autumn Key,srocha@example.net,LATAM,2026-02-21,Gold
CUST-5310,Jennifer Allen,kimberly67@example.net,APAC,2024-06-03,Silver
CUST-5311,Elizabeth Ward,zowens@example.net,LATAM,2026-02-22,Platinum
CUST-5312,Ryan Rocha,lawrence09@example.org,LATAM,2025-08-02,Bronze
CUST-5313,Alexis Tran,mphillips@example.com,APAC,2024-11-04,Bronze
CUST-5314,Kelly Sanchez,jonathan77@example.com,US,2026-04-23,Bronze
CUST-5315,Robert Jackson,iwhite@example.net,US,2026-07-16,Platinum
CUST-5316,Kelly Combs,landryelizabeth@example.org,APAC,2024-01-11,Bronze
CUST-5317,Ryan Hall,albertwagner@example.com,APAC,2023-10-06,Platinum
CUST-5318,Mark Peck,bhopkins@example.org,LATAM,2025-07-12,Gold
CUST-5319,Jennifer Smith,amanda40@example.net,LATAM,2026-04-10,Bronze
CUST-5320,Megan Drake,danieldavis@example.org,APAC,2025-07-03,Silver
CUST-5321,Manuel King,joseph61@example.com,US,2024-11-20,Bronze
CUST-5322,Judy Sanchez,kevinclayton@example.org,APAC,2025-07-21,Silver
CUST-5323,Shannon Malone,sullivannicholas@example.com,LATAM,2025-10-07,Gold
CUST-5324,Adam Jackson,pbruce@example.com,EMEA,2025-01-13,Gold
CUST-5325,Shannon Davis,hallrachel@example.net,EMEA,2024-09-15,Gold
CUST-5326,Karen Williams,cohenjuan@example.net,APAC,2023-12-19,Platinum
CUST-5327,Amanda Mcfarland,alexis39@example.org,LATAM,2023-10-05,Silver
CUST-5328,Michelle Sanders,evansanne@example.net,EMEA,2025-01-15,Platinum
CUST-5329,Jasmine Mosley,patrick21@example.net,US,2024-02-03,Platinum
CUST-5330,Haley Davis,marypeterson@example.net,US,2024-12-02,Platinum
CUST-5331,Jennifer Ayala,walterskristen@example.com,LATAM,2024-06-21,Platinum
CUST-5332,Henry Pugh MD,nmiller@example.com,APAC,2025-03-16,Bronze
CUST-5333,Michelle Miller,normanbowers@example.org,US,2024-07-24,Silver
CUST-5334,Emily Rodriguez,hahnsean@example.com,LATAM,2024-01-08,Silver
CUST-5335,Brandon Jordan,fgarcia@example.com,LATAM,2025-08-06,Platinum
CUST-5336,Linda Mueller,asmith@example.com,APAC,2026-03-11,Gold
CUST-5337,Misty Hansen,ashleyjackson@example.com,US,2025-07-10,Platinum
CUST-5338,Derrick Adams,bryanhamilton@example.com,LATAM,2023-10-07,Bronze
CUST-5339,Richard Ward,jennifersimpson@example.net,APAC,2026-04-11,Bronze
CUST-5340,Brian Torres,ncook@example.com,US,2025-09-06,Silver
CUST-5341,Erin Cook,kevinmorrison@example.net,APAC,2024-05-23,Gold
CUST-5342,Ernest Oconnell,kelly79@example.org,EMEA,2026-01-16,Platinum
CUST-5343,Douglas Hartman,daniel93@example.net,US,2023-12-27,Bronze
CUST-5344,Catherine Saunders MD,nhahn@example.com,LATAM,2025-09-12,Silver
CUST-5345,Sandra Jones,ichambers@example.net,EMEA,2025-09-17,Bronze
CUST-5346,David Moore,emccormick@example.com,APAC,2025-07-19,Gold
CUST-5347,Karen Morales DDS,ystephens@example.com,APAC,2024-04-26,Gold
CUST-5348,Robin Wheeler,rodriguezjohn@example.net,APAC,2025-01-14,Platinum
CUST-5349,Matthew Williams,vrasmussen@example.com,APAC,2025-08-22,Gold
CUST-5350,Brett Walker,seanmyers@example.net,US,2026-07-06,Silver
CUST-5351,Kathryn Cooper,webbkenneth@example.org,APAC,2024-09-05,Bronze
CUST-5352,Todd Thomas,matthew38@example.com,EMEA,2026-06-05,Silver
CUST-5353,Brent Bowen,tflores@example.org,US,2025-08-16,Bronze
CUST-5354,Ashley Sweeney,byrdfrank@example.net,US,2025-10-16,Silver
CUST-5355,Christopher Moore,omullen@example.com,LATAM,2025-01-12,Platinum
CUST-5356,Charlotte Sandoval,njohnson@example.org,LATAM,2024-04-27,Platinum
CUST-5357,Jeffrey Smith,jamiegoodwin@example.org,APAC,2023-10-17,Bronze
CUST-5358,Rebecca Herrera,mark71@example.com,US,2025-08-03,Platinum
CUST-5359,Katherine Church,candice96@example.net,EMEA,2025-09-19,Bronze
CUST-5360,Harold Ellis,lisamccarthy@example.com,LATAM,2025-06-16,Gold
CUST-5361,Leslie Powers,david41@example.org,APAC,2026-03-21,Platinum
CUST-5362,Charles Price,baileyhenderson@example.com,EMEA,2024-05-03,Bronze
CUST-5363,Melissa Brewer,angelaburns@example.org,US,2024-12-20,Platinum
CUST-5364,Ryan Harvey,stephanie72@example.org,US,2023-11-23,Gold
CUST-5365,Tracey Wagner,fortiz@example.com,US,2024-11-02,Silver
CUST-5366,Jill Jackson,flynnjeffrey@example.org,EMEA,2026-08-27,Platinum
CUST-5367,Joshua Jackson,xcunningham@example.com,APAC,2024-09-14,Gold
CUST-5368,Ashley Wilson,amber07@example.net,EMEA,2026-02-27,Bronze
CUST-5369,Jeffery Fitzgerald,kennethkidd@example.com,LATAM,2024-07-29,Gold
CUST-5370,Scott Miller,rowejoel@example.net,APAC,2024-09-21,Gold
CUST-5371,Heather Page,imartin@example.org,US,2026-05-13,Bronze
CUST-5372,Renee Hudson,candice25@example.net,EMEA,2024-01-30,Silver
CUST-5373,Kenneth Farley,taylorkaren@example.com,LATAM,2024-02-17,Silver
CUST-5374,Wendy Camacho,jacquelineanderson@example.org,EMEA,2025-11-20,Platinum
CUST-5375,Sandra Juarez,kburns@example.net,US,2024-11-13,Silver
CUST-5376,Jason Hayes,powellkara@example.net,EMEA,2025-09-09,Silver
CUST-5377,Jackie Clements,brandi17@example.net,APAC,2026-01-04,Silver
CUST-5378,Heather Brown,brobinson@example.org,APAC,2024-01-03,Gold
CUST-5379,Frank Campbell MD,ashleewashington@example.com,EMEA,2025-02-27,Gold
CUST-5380,Pamela Williams,ksmith@example.com,US,2024-11-26,Silver
CUST-5381,William Patterson,nicoleturner@example.com,LATAM,2026-08-05,Gold
CUST-5382,Isaac Miller,brettgarrett@example.net,EMEA,2025-12-04,Gold
CUST-5383,Cynthia Rios,smiththomas@example.org,LATAM,2024-04-08,Platinum
CUST-5384,Kelly Wallace,dominguezlisa@example.com,APAC,2025-11-01,Platinum
CUST-5385,Karen Perez,crosscurtis@example.com,LATAM,2024-03-11,Silver
CUST-5386,Edwin Reyes,darlenebyrd@example.org,LATAM,2026-08-10,Gold
CUST-5387,Alejandra Santos,nbell@example.net,LATAM,2026-03-21,Silver
CUST-5388,Tamara Jensen,fheath@example.org,LATAM,2026-08-23,Platinum
CUST-5389,Bryce Blair,sylvia52@example.org,LATAM,2025-08-27,Platinum
CUST-5390,Bradley Tran,kimberly04@example.org,US,2024-12-28,Bronze
CUST-5391,Katrina Adkins,debbie37@example.com,APAC,2024-02-04,Platinum
CUST-5392,Jonathan Wheeler,hatfieldsarah@example.org,APAC,2025-11-27,Bronze
CUST-5393,Ryan Fisher,kathrynbest@example.org,LATAM,2023-11-13,Gold
CUST-5394,Austin Baker,livingstonstacy@example.com,US,2023-09-06,Silver
CUST-5395,Lori Mason,zhenderson@example.org,US,2024-06-04,Gold
CUST-5396,Kimberly Hernandez,collinswilliam@example.org,EMEA,2024-09-03,Gold
CUST-5397,Brittney Murphy,collinssamuel@example.org,APAC,2026-07-12,Bronze
CUST-5398,Brandon Hamilton,dsalazar@example.com,LATAM,2024-08-21,Gold
CUST-5399,Mary Thompson,zimmermanjacqueline@example.org,EMEA,2026-07-24,Gold
CUST-5400,Gregory Holmes PhD,gary24@example.net,US,2024-12-25,Gold
CUST-5401,Patricia Johnson,enelson@example.com,APAC,2025-08-30,Silver
CUST-5402,Laura Jones,ddixon@example.com,LATAM,2024-10-30,Bronze
CUST-5403,Carol Moore,shannonemily@example.org,APAC,2025-12-02,Silver
CUST-5404,Jordan Williams,sanchezthomas@example.com,US,2024-09-01,Bronze
CUST-5405,Cassidy Horne,tranrobin@example.net,EMEA,2023-12-08,Platinum
CUST-5406,Courtney Wright,joseph19@example.com,LATAM,2025-08-10,Silver
CUST-5407,Michael Williams,lindajarvis@example.com,EMEA,2026-05-30,Gold
CUST-5408,John Campbell,mark87@example.org,US,2024-06-21,Platinum
CUST-5409,Eddie Mueller,stevenvargas@example.com,EMEA,2026-08-20,Silver
CUST-5410,Dr. Morgan Payne PhD,adamortiz@example.org,US,2024-10-11,Platinum
CUST-5411,Makayla Steele,tapiaaaron@example.net,APAC,2024-07-26,Bronze
CUST-5412,Oscar Parker,alyssaallen@example.com,APAC,2024-03-19,Platinum
CUST-5413,Valerie Thomas,christopher38@example.com,US,2026-04-20,Gold
CUST-5414,Jacqueline Villegas,carpenterwilliam@example.net,LATAM,2024-11-02,Silver
CUST-5415,Angela Bradley,ibates@example.org,EMEA,2026-03-29,Platinum
CUST-5416,Samuel Howe,vhaynes@example.com,US,2024-06-10,Silver
CUST-5417,Dillon Jones,derekcarrillo@example.org,EMEA,2024-04-21,Bronze
CUST-5418,Christopher Owens,wmartinez@example.org,LATAM,2023-09-17,Gold
CUST-5419,John Phelps,mooregina@example.net,EMEA,2024-10-15,Silver
CUST-5420,Amanda Huff,eddie35@example.com,LATAM,2024-01-07,Bronze
CUST-5421,Megan Green,anthonysullivan@example.com,LATAM,2024-04-12,Bronze
CUST-5422,Krista Davis,laradonald@example.org,EMEA,2024-05-26,Bronze
CUST-5423,Richard Walker,madisonwatson@example.net,LATAM,2026-01-30,Gold
CUST-5424,Angela Willis,johnsoncaleb@example.net,LATAM,2024-12-20,Silver
CUST-5425,Carl Stein,david70@example.org,US,2025-08-27,Platinum
CUST-5426,Jessica Ramsey,rjohnson@example.com,EMEA,2024-02-18,Gold
CUST-5427,Daniel Lopez,sean20@example.net,LATAM,2024-11-19,Gold
CUST-5428,Danielle Phillips,eandrade@example.org,LATAM,2023-12-30,Bronze
CUST-5429,James Barnes,crystalpham@example.org,US,2024-06-11,Gold
CUST-5430,Rachael Howard DDS,kcooper@example.net,APAC,2024-10-07,Gold
CUST-5431,Devin Johnson,anthonycochran@example.com,LATAM,2024-07-29,Gold
CUST-5432,William Moreno,terrigarcia@example.net,APAC,2025-05-15,Platinum
CUST-5433,Joseph Moody,gallagherstacie@example.net,EMEA,2024-08-15,Bronze
CUST-5434,Rebecca Kelly,gregorywatkins@example.net,EMEA,2026-04-09,Platinum
CUST-5435,Suzanne Johnson,stacey92@example.net,APAC,2024-08-17,Platinum
CUST-5436,Sara Cochran,lweaver@example.com,US,2024-02-15,Bronze
CUST-5437,Anthony Guzman,foxaaron@example.net,LATAM,2024-09-26,Silver
CUST-5438,Carlos Love,brian29@example.net,LATAM,2024-06-25,Bronze
CUST-5439,Patricia Mathis,susan56@example.net,EMEA,2026-05-08,Silver
CUST-5440,Eric Taylor,jessicakim@example.net,APAC,2024-02-22,Bronze
CUST-5441,Marie Thompson,jeffrey92@example.com,EMEA,2026-06-01,Gold
CUST-5442,Michael Anderson,rushstacy@example.com,APAC,2024-06-08,Bronze
CUST-5443,Patricia Bradley,carriemccall@example.net,EMEA,2024-04-19,Platinum
CUST-5444,Keith Zuniga,markmiller@example.com,LATAM,2026-06-13,Platinum
CUST-5445,Mrs. Stacey Davis,sean43@example.org,APAC,2024-12-08,Silver
CUST-5446,Hayley Buchanan,williamssamuel@example.com,LATAM,2025-05-01,Gold
CUST-5447,Stacey Snyder,ybell@example.org,APAC,2024-10-28,Silver
CUST-5448,Rachel Lane,franciscojones@example.org,APAC,2025-05-29,Bronze
CUST-5449,Fernando Lynn,petersonpamela@example.org,APAC,2025-03-11,Silver
CUST-5450,Kimberly Villanueva,morgantricia@example.com,EMEA,2024-08-30,Gold
CUST-5451,Jessica Valdez,gmoore@example.com,APAC,2025-09-29,Bronze
CUST-5452,Colton Terry,donna43@example.org,LATAM,2024-06-17,Platinum
CUST-5453,Kenneth Larsen,briansmith@example.org,APAC,2024-11-11,Gold
CUST-5454,Matthew Greene,collinclark@example.net,LATAM,2023-11-13,Bronze
CUST-5455,Bradley Anthony,kristen77@example.net,US,2026-06-22,Bronze
CUST-5456,Martin Hughes,nicole52@example.com,US,2025-10-26,Bronze
CUST-5457,Jeremiah Baker,anne21@example.org,US,2026-06-13,Silver
CUST-5458,Rhonda Gutierrez,angelarandall@example.net,LATAM,2025-09-23,Platinum
CUST-5459,Joseph Camacho,parmstrong@example.com,US,2024-05-16,Platinum
CUST-5460,James Nash,shawrachel@example.net,LATAM,2026-08-06,Gold
CUST-5461,Lisa Martinez,kthompson@example.org,US,2024-12-09,Platinum
CUST-5462,Beth Henderson,oharris@example.org,LATAM,2025-11-11,Platinum
CUST-5463,Deanna Bartlett,millerangela@example.net,EMEA,2024-05-07,Bronze
CUST-5464,Donald Ellis,buchanancindy@example.net,EMEA,2025-11-03,Silver
CUST-5465,Ashley Hernandez,buckleyanna@example.org,US,2024-09-06,Bronze
CUST-5466,Sharon Beard,pbaker@example.com,APAC,2025-10-21,Bronze
CUST-5467,Kara Jackson,mthomas@example.net,APAC,2024-08-22,Gold
CUST-5468,Amanda Preston,hannah07@example.com,LATAM,2025-07-13,Gold
CUST-5469,Alicia Roth,larry71@example.org,LATAM,2025-10-16,Bronze
CUST-5470,William Ramos,joseph69@example.net,LATAM,2024-01-25,Platinum
CUST-5471,Jeremy Mcintyre,wfigueroa@example.net,LATAM,2026-01-06,Silver
CUST-5472,Samantha Robertson,cameronmckinney@example.com,APAC,2025-01-18,Silver
CUST-5473,Samuel Suarez,thompsonnancy@example.org,US,2025-06-23,Bronze
CUST-5474,Danielle Bryant,janet45@example.com,LATAM,2026-05-25,Bronze
CUST-5475,Madison Martinez,allentracy@example.com,LATAM,2026-01-08,Platinum
CUST-5476,Seth Matthews,max41@example.com,EMEA,2025-01-08,Platinum
CUST-5477,Anthony Nash,mercedesholland@example.net,APAC,2026-07-23,Gold
CUST-5478,Matthew Palmer,wellsdavid@example.org,EMEA,2024-07-25,Bronze
CUST-5479,Alejandra King,jennifer46@example.com,EMEA,2023-12-08,Bronze
CUST-5480,Judy Robinson,erica96@example.net,APAC,2024-02-11,Bronze
CUST-5481,Jorge Bates,anna99@example.com,APAC,2025-12-05,Silver
CUST-5482,Brian Brown,danielle44@example.net,EMEA,2026-01-08,Silver
CUST-5483,Stephanie Evans,zacharyallen@example.org,LATAM,2025-02-20,Platinum
CUST-5484,Rebekah Greene,erin07@example.com,US,2025-09-12,Platinum
CUST-5485,Jason Price,aguilarwanda@example.org,US,2025-01-22,Bronze
CUST-5486,Micheal Parks,qknox@example.com,LATAM,2025-06-05,Gold
CUST-5487,Sarah Pittman,kellyruiz@example.net,EMEA,2026-01-30,Bronze
CUST-5488,Robert Hines,staceylam@example.net,EMEA,2024-07-16,Platinum
CUST-5489,Henry Garner,robert55@example.com,APAC,2024-07-06,Silver
CUST-5490,Julie Wilson,delacruzbrandy@example.net,APAC,2024-02-15,Silver
CUST-5491,Steve Mason,amoreno@example.org,LATAM,2024-03-04,Bronze
CUST-5492,Brittany Gay,robert97@example.org,EMEA,2025-10-10,Platinum
CUST-5493,Mike Maxwell,lcook@example.com,EMEA,2025-06-17,Gold
CUST-5494,Abigail Hill,barbaramoore@example.org,US,2024-09-03,Bronze
CUST-5495,Jeffrey Jordan,ysanford@example.org,US,2025-11-16,Bronze
CUST-5496,Curtis Watson,mcclainkatherine@example.net,EMEA,2025-03-13,Silver
CUST-5497,Michael Sims,jeremywiley@example.com,APAC,2024-11-12,Gold
CUST-5498,James Chapman,cameronwilliams@example.com,APAC,2024-08-14,Bronze
CUST-5499,Joseph Warren,ibarron@example.com,LATAM,2026-03-14,Gold
CUST-5500,Katherine Christensen MD,osmith@example.net,LATAM,2025-02-22,Bronze
CUST-5501,Mrs. Alison Wagner,richardsondebra@example.org,EMEA,2024-10-12,Gold
CUST-5502,Martin Wise,wheelerbrandon@example.org,US,2024-08-24,Gold
CUST-5503,Alicia Norris,hwallace@example.net,APAC,2024-11-29,Bronze
CUST-5504,Michael Harris,turnerdorothy@example.net,APAC,2026-08-23,Bronze
CUST-5505,Lisa Haynes,grivas@example.net,LATAM,2025-07-09,Bronze
CUST-5506,Autumn Wilson,jimenezchelsea@example.com,US,2024-02-19,Silver
CUST-5507,Valerie Howard,cphillips@example.net,US,2024-04-05,Gold
CUST-5508,Daniel Fitzpatrick MD,smithchristopher@example.org,US,2025-12-06,Silver
CUST-5509,Maureen Hernandez,chancharles@example.net,US,2026-02-10,Bronze
CUST-5510,David Hall,joseph01@example.org,LATAM,2025-01-23,Platinum
CUST-5511,Sarah Ward,ronald11@example.org,EMEA,2024-01-10,Silver
CUST-5512,Charles Holland,michael79@example.com,US,2026-03-20,Bronze
CUST-5513,Anna Briggs,danielross@example.com,EMEA,2023-09-20,Platinum
CUST-5514,James Jefferson,zbanks@example.org,EMEA,2024-11-28,Silver
CUST-5515,Michael Brown,dalepruitt@example.com,EMEA,2024-09-21,Platinum
CUST-5516,Meghan White,nmaxwell@example.org,LATAM,2023-10-08,Silver
CUST-5517,Sheryl Acosta,timothyfreeman@example.com,APAC,2025-08-23,Bronze
CUST-5518,Arthur Pena,busherica@example.net,EMEA,2024-11-11,Gold
CUST-5519,Krystal Levine,april91@example.com,LATAM,2026-02-20,Bronze
CUST-5520,Danielle Reed,jhernandez@example.net,EMEA,2026-07-27,Platinum
CUST-5521,Mason Moore,kchristian@example.org,APAC,2023-11-17,Silver
CUST-5522,Erica Rivera,brent38@example.net,LATAM,2025-06-15,Bronze
CUST-5523,Robert Miller,csolis@example.org,US,2024-01-22,Platinum
CUST-5524,Jillian Wilson,bmcgee@example.org,LATAM,2025-04-05,Silver
CUST-5525,Andrew Dunn,connersylvia@example.net,EMEA,2025-04-27,Silver
CUST-5526,Jordan Clark,xclements@example.org,US,2024-10-18,Platinum
CUST-5527,Sarah Rivera,xmoran@example.net,APAC,2024-08-16,Bronze
CUST-5528,Brent Hopkins,petersonmaria@example.com,LATAM,2024-12-18,Platinum
CUST-5529,Jacqueline Rodriguez,travisunderwood@example.net,US,2026-07-16,Gold
CUST-5530,Ashley Carr,davidphelps@example.org,APAC,2023-09-30,Bronze
CUST-5531,Richard Love,shermanbrandon@example.net,LATAM,2024-03-01,Silver
CUST-5532,Leah Barton,lellis@example.net,APAC,2024-01-29,Silver
CUST-5533,Jonathan Moreno,tranryan@example.net,EMEA,2024-08-21,Silver
CUST-5534,Mr. Thomas Thompson,jessicaanderson@example.com,LATAM,2025-10-14,Gold
CUST-5535,Lisa Morris,mbarnes@example.net,APAC,2025-06-16,Silver
CUST-5536,Denise Stuart,shawn22@example.com,APAC,2024-06-15,Silver
CUST-5537,Stacey Hunt,jennifer83@example.org,US,2024-10-11,Platinum
CUST-5538,Miguel Parks,tinasantos@example.org,EMEA,2025-07-02,Silver
CUST-5539,Melissa Morris,hodgesanna@example.net,APAC,2024-02-12,Silver
CUST-5540,Mary Butler,natalie60@example.net,US,2025-05-15,Bronze
CUST-5541,James Brown,gonzalezkaren@example.org,LATAM,2025-03-18,Gold
CUST-5542,Miss Brianna Brown,james80@example.com,LATAM,2024-04-16,Gold
CUST-5543,Ashley Parrish,juliahoffman@example.org,APAC,2026-07-02,Bronze
CUST-5544,Rebecca Horton,housepaul@example.net,EMEA,2024-11-01,Bronze
CUST-5545,Juan Smith,james73@example.net,APAC,2024-11-25,Bronze
CUST-5546,Maria Fischer,kimberlybrandt@example.com,LATAM,2025-06-24,Bronze
CUST-5547,William Jones,jillwilson@example.org,US,2026-06-04,Bronze
CUST-5548,Justin Anderson,adam72@example.org,EMEA,2025-02-13,Silver
CUST-5549,Frank Williams,tracy98@example.com,US,2025-06-12,Gold
CUST-5550,Michael Fox,abigailhartman@example.org,US,2026-06-05,Silver
CUST-5551,Joshua Davis,nicolealvarado@example.com,US,2025-03-30,Platinum
CUST-5552,Daniel Goodwin,wbarajas@example.net,US,2026-07-23,Platinum
CUST-5553,Michael Griffin,susanfleming@example.com,EMEA,2024-05-27,Platinum
CUST-5554,Robert Wilson,amber40@example.net,EMEA,2024-07-28,Gold
CUST-5555,Jaime Lang,stucker@example.net,APAC,2025-10-18,Gold
CUST-5556,Jose Vaughan,teresaayala@example.net,LATAM,2025-08-18,Platinum
CUST-5557,Austin Santiago,michellecoleman@example.org,EMEA,2024-06-24,Platinum
CUST-5558,Ronald Johns,elucas@example.net,EMEA,2024-10-14,Platinum
CUST-5559,Allison Love,millerbrian@example.com,EMEA,2025-01-09,Silver
CUST-5560,Laura Perez,rickey76@example.com,LATAM,2025-09-07,Platinum
CUST-5561,James Wilson,maychristine@example.net,US,2024-10-03,Bronze
CUST-5562,Mercedes Jones,robertsgina@example.net,APAC,2025-06-28,Gold
CUST-5563,Preston Kim,bshort@example.com,LATAM,2025-12-08,Platinum
CUST-5564,Daniel Francis,susan24@example.net,EMEA,2024-12-01,Silver
CUST-5565,Traci Camacho,susan08@example.net,APAC,2025-08-14,Bronze
CUST-5566,Andrew Armstrong,fmedina@example.com,LATAM,2024-04-15,Bronze
CUST-5567,Patrick Swanson,robertbrewer@example.net,APAC,2024-09-04,Silver
CUST-5568,Clinton Jensen,james29@example.org,US,2023-10-25,Gold
CUST-5569,Tara Gamble,enewman@example.com,US,2024-02-23,Gold
CUST-5570,Danielle Gonzalez,wlynn@example.org,US,2025-08-26,Silver
CUST-5571,Cynthia Mitchell,mcculloughlouis@example.com,LATAM,2024-11-19,Platinum
CUST-5572,Matthew Steele,arianadiaz@example.com,APAC,2024-02-24,Bronze
CUST-5573,Caroline Edwards,jenniferdavidson@example.com,EMEA,2025-09-04,Bronze
CUST-5574,Brandy Quinn,wford@example.com,APAC,2025-01-16,Platinum
CUST-5575,Mr. Matthew Miller,michele28@example.org,LATAM,2025-06-22,Silver
CUST-5576,Stephen Jones,mcclainmelissa@example.net,US,2025-05-20,Platinum
CUST-5577,Kevin Sullivan,rebeccaarnold@example.net,EMEA,2024-10-09,Silver
CUST-5578,Kimberly Valdez,michaelwalker@example.net,LATAM,2025-06-12,Silver
CUST-5579,Donna Marshall,sanderswayne@example.net,LATAM,2024-12-31,Platinum
CUST-5580,Victor Holden,katherinetaylor@example.org,APAC,2024-03-31,Bronze
CUST-5581,Travis Hopkins,jillwebb@example.com,EMEA,2024-03-26,Gold
CUST-5582,Philip Hall,mike03@example.net,APAC,2023-10-24,Platinum
CUST-5583,Heather Harrison,ckeith@example.net,EMEA,2024-04-02,Gold
CUST-5584,Michael Boyd,mary49@example.net,US,2024-06-28,Gold
CUST-5585,Jamie Gray,blacknicholas@example.org,APAC,2023-12-04,Bronze
CUST-5586,Heather Parrish,msparks@example.org,LATAM,2025-04-18,Gold
CUST-5587,Brenda Martin,robertsonjuan@example.org,US,2023-09-17,Gold
CUST-5588,Jack Love,guerrerorobert@example.com,APAC,2024-12-02,Silver
CUST-5589,Karen Mendoza,brittanyholland@example.com,LATAM,2024-05-18,Platinum
CUST-5590,Andrew Berry,dennishunt@example.net,US,2026-01-10,Platinum
CUST-5591,Christopher Nielsen,kgreene@example.net,US,2024-11-29,Gold
CUST-5592,Nathan Stanley,stacey37@example.net,US,2024-06-13,Bronze
CUST-5593,Sharon Jackson DVM,laurahoover@example.org,EMEA,2024-09-21,Gold
CUST-5594,Kayla Jackson,sandra99@example.org,US,2026-02-15,Platinum
CUST-5595,James Rodriguez,alexandrablankenship@example.net,US,2024-12-28,Platinum
CUST-5596,Chase Davis,mvalenzuela@example.org,US,2024-07-13,Bronze
CUST-5597,Kim Goodwin,olsondavid@example.net,US,2024-07-31,Bronze
CUST-5598,April Pace,xboyd@example.org,US,2023-12-07,Platinum
CUST-5599,Jessica Mays,yclarke@example.com,LATAM,2025-12-17,Bronze
CUST-5600,Natalie Juarez,colemanjonathan@example.org,APAC,2026-03-23,Platinum
CUST-5601,Angela George,ascott@example.net,APAC,2023-10-29,Bronze
CUST-5602,Adrienne Mills,brooksjamie@example.com,LATAM,2024-09-02,Silver
CUST-5603,Brian Simmons,jose86@example.net,APAC,2025-03-16,Bronze
CUST-5604,Donald Becker,robertbowers@example.com,US,2024-06-24,Gold
CUST-5605,Justin Webb,becky62@example.net,US,2026-04-13,Platinum
CUST-5606,David Logan,craigromero@example.com,LATAM,2023-12-20,Bronze
CUST-5607,Lisa Cohen,martintamara@example.org,EMEA,2024-09-28,Silver
CUST-5608,Samantha Ruiz,qdavis@example.org,APAC,2024-10-18,Platinum
CUST-5609,Lee Ramsey,hmendez@example.com,US,2025-12-19,Gold
CUST-5610,Linda Bautista,daniellegonzales@example.org,US,2024-02-28,Bronze
CUST-5611,Tara Holmes,arthurgreene@example.net,APAC,2025-12-07,Silver
CUST-5612,Lisa Craig,john02@example.org,US,2023-11-19,Bronze
CUST-5613,Penny Gomez MD,aprilmclaughlin@example.org,APAC,2024-01-05,Silver
CUST-5614,Krista Barber,michael43@example.net,LATAM,2024-10-05,Gold
CUST-5615,Jordan Powell,greenrichard@example.org,US,2025-11-19,Silver
CUST-5616,Kathy Morgan,prattsue@example.net,US,2025-04-28,Silver
CUST-5617,Laura Benson,xhart@example.org,US,2024-12-28,Gold
CUST-5618,Tonya Ellis,bmosley@example.com,EMEA,2024-05-15,Silver
CUST-5619,Austin Schultz,ericahall@example.com,LATAM,2026-03-18,Silver
CUST-5620,Harry Nichols,john16@example.net,US,2026-03-24,Gold
CUST-5621,Gloria Spencer,thomasgomez@example.net,APAC,2024-06-14,Bronze
CUST-5622,Travis Vega,victorgonzalez@example.net,LATAM,2026-04-09,Platinum
CUST-5623,Derek Perez,marykelly@example.org,US,2026-07-30,Platinum
CUST-5624,Blake Sosa,waustin@example.net,APAC,2023-09-03,Gold
CUST-5625,Sarah Watson,travis94@example.com,EMEA,2026-07-23,Gold
CUST-5626,Phillip Dixon,kwalker@example.org,EMEA,2025-01-05,Silver
CUST-5627,Robert Mendoza,shawphillip@example.net,US,2026-01-21,Silver
CUST-5628,Joyce Martinez,astewart@example.org,APAC,2026-02-19,Gold
CUST-5629,Jamie Garcia,chloe42@example.net,LATAM,2025-01-11,Bronze
CUST-5630,Derrick Mullen,michael76@example.org,APAC,2023-11-13,Gold
CUST-5631,Paul Diaz,lramirez@example.net,APAC,2026-02-02,Gold
CUST-5632,Kenneth Perez,lelinda@example.net,EMEA,2026-07-20,Gold
CUST-5633,James Thomas,thomassmith@example.com,LATAM,2026-08-20,Platinum
CUST-5634,Dr. Samuel Holmes DDS,jevans@example.net,LATAM,2025-03-30,Bronze
CUST-5635,Brett Martin,lisawoods@example.net,APAC,2024-07-06,Gold
CUST-5636,Patrick Green,ann45@example.org,LATAM,2025-08-05,Bronze
CUST-5637,Gregory Frazier,barbarasantos@example.net,US,2025-08-09,Gold
CUST-5638,Richard Kelly,champton@example.org,APAC,2024-10-19,Gold
CUST-5639,Dustin Welch,mirandadavidson@example.com,LATAM,2026-08-15,Silver
CUST-5640,Logan Sullivan,millermatthew@example.com,LATAM,2026-07-17,Gold
CUST-5641,Eddie Adams,cnelson@example.com,EMEA,2024-09-21,Gold
CUST-5642,Kelly Cole,ivanjohnson@example.net,US,2024-12-23,Silver
CUST-5643,David Manning,clarkrandy@example.org,APAC,2025-12-05,Platinum
CUST-5644,Shawn Kelley,wisealexandria@example.org,LATAM,2023-12-16,Bronze
CUST-5645,Luke Miller,pparker@example.net,US,2025-12-10,Bronze
CUST-5646,Mark Anderson,anthonyalvarado@example.com,LATAM,2024-04-17,Platinum
CUST-5647,Julie Pitts,amy28@example.org,EMEA,2025-12-16,Silver
CUST-5648,Joyce Curry,omills@example.net,APAC,2024-02-26,Gold
CUST-5649,Gregory Fernandez,ramosmichael@example.com,EMEA,2025-03-29,Gold
CUST-5650,Adam Mills,mauriceharrison@example.org,US,2025-12-24,Platinum
CUST-5651,Katherine Campos,albert64@example.net,LATAM,2024-03-14,Gold
CUST-5652,Adam Brooks,bkhan@example.com,US,2025-11-11,Bronze
CUST-5653,Miguel Brewer,fwalker@example.com,US,2025-08-04,Platinum
CUST-5654,Kellie Marsh,justin84@example.com,EMEA,2025-07-01,Gold
CUST-5655,Barry Taylor,walshchristine@example.com,LATAM,2025-07-19,Bronze
CUST-5656,Katherine Flores,brandonnichols@example.org,EMEA,2026-07-24,Silver
CUST-5657,Diane Martinez,oacosta@example.org,LATAM,2024-10-22,Gold
CUST-5658,Johnny Peterson,kristi75@example.com,APAC,2025-02-26,Silver
CUST-5659,Amanda Miller,brianrowe@example.org,APAC,2024-02-02,Gold
CUST-5660,Catherine Huang,lisa01@example.net,EMEA,2025-06-27,Platinum
CUST-5661,Ray Ramos,gonzalezjill@example.org,EMEA,2025-12-18,Platinum
CUST-5662,Vickie Kennedy,sharon20@example.net,APAC,2023-10-02,Silver
CUST-5663,Kelly King,james03@example.org,EMEA,2025-10-06,Silver
CUST-5664,Jeffrey Smith,brenda63@example.org,US,2024-10-12,Silver
CUST-5665,Lauren Vazquez,nathandavis@example.org,LATAM,2025-08-25,Platinum
CUST-5666,Mr. George Booker DDS,browndeanna@example.net,LATAM,2025-03-15,Bronze
CUST-5667,Ashley Freeman,tina57@example.net,APAC,2025-08-03,Gold
CUST-5668,Michael Howard,johnwilliams@example.net,US,2023-11-29,Silver
CUST-5669,Edward Terry,ashleystephens@example.com,US,2023-12-30,Gold
CUST-5670,Denise Guerra,caseymoore@example.com,LATAM,2023-09-16,Platinum
CUST-5671,Kimberly Gibson,bgross@example.net,APAC,2024-10-15,Silver
CUST-5672,Patty Allen,barrettamber@example.com,US,2025-08-24,Silver
CUST-5673,Michael Cannon,chloemorris@example.net,US,2026-06-01,Gold
CUST-5674,Brent Hopkins,conleydavid@example.org,APAC,2026-08-07,Silver
CUST-5675,John Garcia,hbarrett@example.net,APAC,2025-02-03,Bronze
CUST-5676,Dawn Diaz,smithsamantha@example.net,APAC,2025-08-13,Platinum
CUST-5677,Steve Miller PhD,wardjulia@example.com,EMEA,2025-06-27,Gold
CUST-5678,Rebecca Brown,allison14@example.org,EMEA,2025-06-28,Bronze
CUST-5679,Toni Davis,amandalopez@example.net,APAC,2026-05-13,Bronze
CUST-5680,Laura Meza,xreese@example.net,LATAM,2024-11-28,Silver
CUST-5681,Megan Park,kandrade@example.org,LATAM,2025-07-22,Platinum
CUST-5682,Kathy Sandoval,umahoney@example.net,EMEA,2024-05-04,Silver
CUST-5683,Erika Watson PhD,umckenzie@example.net,EMEA,2024-05-21,Platinum
CUST-5684,Joshua Brooks,michael77@example.com,US,2024-12-18,Platinum
CUST-5685,Andrew Mitchell,holmesvictoria@example.com,US,2024-11-13,Silver
CUST-5686,William Lewis,andrew48@example.net,EMEA,2024-12-06,Gold
CUST-5687,Tammy Moore,stevenseric@example.com,APAC,2024-11-14,Silver
CUST-5688,Kevin Hall,christopher69@example.org,LATAM,2024-06-25,Platinum
CUST-5689,Misty Mcguire,tracynolan@example.net,LATAM,2025-08-09,Gold
CUST-5690,Susan Larson,benjamin96@example.org,APAC,2024-12-02,Silver
CUST-5691,Tammy Cook,hbutler@example.org,LATAM,2026-03-04,Bronze
CUST-5692,Sarah Mcfarland,hbrown@example.org,LATAM,2024-06-09,Platinum
CUST-5693,Karl Murphy,ericnunez@example.com,APAC,2025-05-19,Gold
CUST-5694,Nicole Johnston,walkerkeith@example.com,US,2025-08-19,Bronze
CUST-5695,George Alvarez,kelleyjose@example.com,EMEA,2026-02-14,Gold
CUST-5696,Patricia Anderson,timothygonzalez@example.com,LATAM,2026-01-14,Silver
CUST-5697,Christina Gilbert,johnadams@example.com,LATAM,2025-01-05,Platinum
CUST-5698,Thomas Davis,whenderson@example.org,EMEA,2026-08-21,Gold
CUST-5699,Kirk Johnson,gary59@example.com,US,2026-01-11,Gold
CUST-5700,Jessica Glass,jamesbrooks@example.net,LATAM,2026-06-29,Gold
CUST-5701,Ashley Brown,mistywilkins@example.org,LATAM,2025-02-25,Platinum
CUST-5702,Robert Torres,njohnson@example.net,US,2024-09-08,Silver
CUST-5703,Christina Mills,ana92@example.net,LATAM,2024-04-16,Gold
CUST-5704,Alicia Aguilar,scottbrian@example.org,LATAM,2026-07-28,Gold
CUST-5705,Lisa Brown,jonesdonna@example.net,EMEA,2025-05-27,Bronze
CUST-5706,Mary Lin,carternicole@example.com,APAC,2025-07-18,Gold
CUST-5707,James Bray,mckeetodd@example.net,LATAM,2024-08-14,Silver
CUST-5708,Charlotte Mason,tcastro@example.org,APAC,2025-06-16,Gold
CUST-5709,Thomas Torres,klong@example.org,LATAM,2024-11-04,Gold
CUST-5710,Harold Garrett,wendyirwin@example.com,EMEA,2026-01-22,Silver
CUST-5711,Lori Johns,raymondstacy@example.org,APAC,2025-10-19,Bronze
CUST-5712,Steven Sandoval,blairabigail@example.net,LATAM,2024-12-27,Platinum
CUST-5713,Lori Perez,ashleysimmons@example.com,EMEA,2026-06-19,Platinum
CUST-5714,Erin Daniels,denisecarpenter@example.net,LATAM,2024-02-28,Gold
CUST-5715,Shari Parker,russellstout@example.org,US,2024-03-29,Silver
CUST-5716,Krystal Moore,grantstacy@example.org,APAC,2025-02-19,Silver
CUST-5717,Ryan Thomas,cannonnicole@example.com,EMEA,2024-12-29,Bronze
CUST-5718,Elizabeth Reese,edwin31@example.org,LATAM,2024-12-01,Platinum
CUST-5719,Phillip Salazar,catherine93@example.net,APAC,2024-07-06,Silver
CUST-5720,Michael Howard,manderson@example.com,APAC,2024-08-01,Bronze
CUST-5721,Jacqueline Christian,kwells@example.org,APAC,2025-01-23,Platinum
CUST-5722,Jason Novak,stephanie33@example.org,EMEA,2025-06-22,Silver
CUST-5723,Timothy Duke,dwatts@example.org,APAC,2026-05-27,Bronze
CUST-5724,Ricardo Franklin,zcortez@example.net,LATAM,2026-03-21,Platinum
CUST-5725,Laura Herrera,meyershannon@example.org,EMEA,2024-02-28,Gold
CUST-5726,Danielle Medina,grantzachary@example.net,LATAM,2024-02-27,Platinum
CUST-5727,Cheryl Gonzales,kim47@example.org,APAC,2025-07-20,Bronze
CUST-5728,Louis Brown,stevenlucas@example.org,US,2024-02-08,Bronze
CUST-5729,Ashley Osborne,phillipmorris@example.org,LATAM,2026-02-15,Gold
CUST-5730,Kevin Marquez,nicoledavis@example.com,US,2025-04-05,Silver
CUST-5731,Susan Hogan,davisjasmin@example.net,LATAM,2024-06-17,Bronze
CUST-5732,Joseph Cruz,nicholasjames@example.org,LATAM,2023-11-04,Bronze
CUST-5733,Krystal Keller,fernandothomas@example.net,EMEA,2026-01-11,Silver
CUST-5734,Eric Cross,lroberts@example.org,EMEA,2024-01-29,Bronze
CUST-5735,Toni Smith,alexander77@example.net,EMEA,2024-09-13,Bronze
CUST-5736,Lisa Snyder,briannaalvarez@example.com,EMEA,2026-04-22,Gold
CUST-5737,Kyle Smith,christine83@example.org,US,2025-12-27,Platinum
CUST-5738,Anthony Bailey,melissaestrada@example.net,APAC,2025-01-18,Platinum
CUST-5739,Thomas Williams,kchaney@example.net,EMEA,2026-03-22,Silver
CUST-5740,Matthew Graves,tammycurry@example.com,LATAM,2025-11-15,Gold
CUST-5741,Anna Evans,priscilla16@example.net,EMEA,2026-07-05,Gold
CUST-5742,John Martinez,mark68@example.org,APAC,2026-03-18,Silver
CUST-5743,Lisa Rodriguez,webbhaley@example.net,EMEA,2023-09-25,Silver
CUST-5744,Lee Stewart,sara99@example.com,US,2024-02-02,Bronze
CUST-5745,Lynn Vasquez,nicolehall@example.com,APAC,2026-05-23,Gold
CUST-5746,April Johnson,mclaughlinjared@example.net,EMEA,2024-02-17,Silver
CUST-5747,Mrs. Felicia Castro DDS,davidsonhannah@example.com,US,2026-03-07,Bronze
CUST-5748,Elizabeth Hunter,katie15@example.com,EMEA,2026-07-03,Silver
CUST-5749,Keith Choi,jamesbass@example.net,LATAM,2025-03-28,Bronze
CUST-5750,John Johnson,timothyburton@example.net,APAC,2025-12-29,Gold
CUST-5751,Julia Olsen,conleykevin@example.net,LATAM,2025-03-19,Silver
CUST-5752,Kristen Smith,lauren51@example.org,APAC,2024-06-04,Bronze
CUST-5753,Andre Terrell,ashleyprice@example.net,US,2024-10-16,Bronze
CUST-5754,Richard Parker,jennifer46@example.org,LATAM,2026-08-16,Platinum
CUST-5755,David Hayes DVM,aliciathompson@example.com,US,2024-03-10,Gold
CUST-5756,Paula Gentry,zhunter@example.com,EMEA,2025-12-11,Platinum
CUST-5757,Brittany Peterson,hoconnor@example.com,APAC,2026-07-26,Gold
CUST-5758,Briana Wiggins,jamiejohnson@example.com,US,2025-02-08,Platinum
CUST-5759,Kelly Smith,mcdanielbrooke@example.org,APAC,2025-02-24,Silver
CUST-5760,Stephen Garcia,andrew43@example.com,EMEA,2025-06-03,Gold
CUST-5761,Dustin Patel,rlambert@example.org,LATAM,2023-09-06,Platinum
CUST-5762,Brian Mullen,clarkmichael@example.com,LATAM,2026-03-24,Gold
CUST-5763,Tony Brock,georgecollins@example.com,EMEA,2023-10-06,Bronze
CUST-5764,Amber Johnson,rodriguezbrian@example.com,US,2025-09-07,Silver
CUST-5765,Michael Vance,tjensen@example.com,EMEA,2025-05-02,Platinum
CUST-5766,Michelle Lambert,beltrankatelyn@example.com,EMEA,2026-06-22,Silver
CUST-5767,Anna Lang,tdavis@example.net,US,2023-11-13,Platinum
CUST-5768,Pamela Ruiz,douglashuang@example.com,LATAM,2025-11-06,Silver
CUST-5769,Jenna Lyons,kristina57@example.com,EMEA,2025-05-27,Silver
CUST-5770,John Bell,ssingleton@example.com,EMEA,2024-06-22,Silver
CUST-5771,Bethany Garcia,nguyendebra@example.com,US,2024-07-12,Bronze
CUST-5772,Jennifer Gutierrez,amydickson@example.com,LATAM,2025-04-16,Bronze
CUST-5773,Daniel Benson,bmueller@example.net,LATAM,2024-11-14,Bronze
CUST-5774,Kimberly Young,stevensonjennifer@example.com,APAC,2024-03-30,Gold
CUST-5775,Kyle Nguyen,shortgregory@example.com,EMEA,2023-11-18,Gold
CUST-5776,Brian Cervantes,pmurphy@example.net,LATAM,2023-11-05,Bronze
CUST-5777,Daniel Taylor,shermandonna@example.com,LATAM,2026-05-17,Gold
CUST-5778,Jean Lane,jamierich@example.com,US,2024-05-11,Gold
CUST-5779,Susan Torres,wrobbins@example.org,EMEA,2024-07-25,Silver
CUST-5780,Lisa Dixon,melissabrown@example.net,EMEA,2023-10-18,Platinum
CUST-5781,April Castro,daniel40@example.org,US,2026-06-03,Platinum
CUST-5782,Kevin Garrett,bsullivan@example.net,EMEA,2024-04-19,Platinum
CUST-5783,Christopher Taylor,xbridges@example.com,LATAM,2024-02-14,Gold
CUST-5784,Zachary Santiago,alexanderwong@example.org,APAC,2025-05-17,Gold
CUST-5785,Katelyn Kim,christophermay@example.com,EMEA,2024-02-22,Silver
CUST-5786,Stephanie Dominguez,dhanson@example.net,US,2025-06-30,Silver
CUST-5787,Robert Cruz,jacobjacobs@example.net,US,2024-06-23,Silver
CUST-5788,Dr. Michael Adams DVM,arthur09@example.com,LATAM,2025-12-18,Bronze
CUST-5789,Ashley Olson,thomasjessica@example.com,LATAM,2025-04-12,Bronze
CUST-5790,Blake Wu,sanchezcrystal@example.net,LATAM,2024-08-02,Gold
CUST-5791,Angela Schultz,chloe58@example.org,APAC,2025-12-04,Platinum
CUST-5792,Jose Harrison,robert44@example.org,APAC,2023-09-02,Platinum
CUST-5793,Thomas Curry,bryan79@example.org,US,2023-09-23,Silver
CUST-5794,Mary Carter,mitchellchristopher@example.net,US,2024-02-19,Platinum
CUST-5795,Richard King,joshua40@example.net,LATAM,2026-04-05,Gold
CUST-5796,Christopher Vargas,donnawood@example.org,LATAM,2026-07-20,Gold
CUST-5797,Michael Washington,cooperchristopher@example.org,US,2024-05-29,Silver
CUST-5798,Samantha Monroe,ptownsend@example.net,EMEA,2026-06-13,Platinum
CUST-5799,Mark Clark,brian41@example.org,EMEA,2024-10-10,Gold
CUST-5800,James Turner,noahthornton@example.com,EMEA,2024-07-20,Platinum
CUST-5801,Joseph Graham,sara76@example.net,APAC,2024-06-25,Platinum
CUST-5802,Joseph Blanchard,hardindana@example.com,LATAM,2025-06-29,Silver
CUST-5803,Marissa Nelson,joseph14@example.net,APAC,2026-01-12,Silver
CUST-5804,Julia Leonard,jessicachapman@example.org,APAC,2025-11-18,Silver
CUST-5805,Megan Kaiser,amy01@example.org,EMEA,2026-05-05,Silver
CUST-5806,Joseph Jennings,jeffrey44@example.org,US,2026-02-15,Silver
CUST-5807,Manuel Brown,stephanielittle@example.net,APAC,2023-11-29,Bronze
CUST-5808,Angelica Jacobs,pdouglas@example.net,LATAM,2024-12-22,Silver
CUST-5809,Cathy Rodriguez,jonowens@example.org,US,2023-11-16,Bronze
CUST-5810,Tammy Hill,qschwartz@example.com,APAC,2025-09-09,Silver
CUST-5811,Richard Ramirez,reyesmarvin@example.org,LATAM,2024-10-15,Silver
CUST-5812,Robert Thompson,vasquezsarah@example.net,LATAM,2023-11-24,Gold
CUST-5813,Matthew Rodriguez,probinson@example.org,US,2026-08-18,Silver
CUST-5814,Michelle Garcia,jonesjessica@example.com,APAC,2025-12-10,Silver
CUST-5815,Jonathan Delgado,fitzpatrickelizabeth@example.com,US,2026-07-14,Silver
CUST-5816,Gary Myers,robertsonshelby@example.com,LATAM,2025-06-30,Bronze
CUST-5817,Jared Luna,fernandezaaron@example.net,EMEA,2025-01-24,Platinum
CUST-5818,Karen Bradley,mathew46@example.org,US,2025-03-03,Gold
CUST-5819,Tina Davis,christopher74@example.net,LATAM,2026-05-23,Gold
CUST-5820,Julian Ponce,kentprice@example.org,US,2026-03-25,Silver
CUST-5821,Heather Miller,imoss@example.org,APAC,2025-10-18,Silver
CUST-5822,Nathan Watkins,yprice@example.net,LATAM,2024-05-12,Gold
CUST-5823,Kathryn Hanna,blevy@example.org,APAC,2025-04-29,Platinum
CUST-5824,George Le,zwilson@example.net,US,2025-05-30,Silver
CUST-5825,Judy Gregory,joycehall@example.org,US,2026-08-04,Silver
CUST-5826,Charles Valdez,nmeadows@example.org,APAC,2025-04-08,Silver
CUST-5827,Matthew Smith,conwaylori@example.org,LATAM,2024-03-27,Silver
CUST-5828,Christopher Garza,wilsonbrooke@example.net,US,2024-05-26,Gold
CUST-5829,Robert Simmons,rnguyen@example.net,EMEA,2026-04-27,Platinum
CUST-5830,Erica Oconnell,kathrynwatkins@example.com,US,2024-05-07,Gold
CUST-5831,Donald Todd,heathertran@example.com,LATAM,2024-08-15,Bronze
CUST-5832,Kevin Anderson,bstrickland@example.com,US,2024-11-16,Bronze
CUST-5833,Adam Howe,robert72@example.org,US,2026-04-01,Platinum
CUST-5834,Devin Cole,sharonbishop@example.org,APAC,2025-01-19,Silver
CUST-5835,Michelle Salazar,burtonkimberly@example.com,APAC,2025-09-30,Bronze
CUST-5836,Justin Lee,montgomerymichelle@example.net,EMEA,2023-12-02,Silver
CUST-5837,Julie Sims,joshualee@example.org,US,2025-11-04,Bronze
CUST-5838,Tracy Wells,ernestlivingston@example.org,US,2026-06-14,Bronze
CUST-5839,Dominique Hamilton,christina70@example.org,APAC,2023-12-22,Silver
CUST-5840,Tammy Thompson,washingtondarren@example.org,APAC,2025-11-03,Platinum
CUST-5841,Leslie Nguyen,julievillanueva@example.org,LATAM,2024-12-26,Silver
CUST-5842,Erika Garcia,ykane@example.org,US,2026-06-23,Gold
CUST-5843,Kevin Brown,nthomas@example.com,US,2025-03-03,Bronze
CUST-5844,James Ellis,crystalcantrell@example.org,APAC,2023-10-25,Gold
CUST-5845,Andrew Carroll,derek77@example.com,EMEA,2025-02-27,Silver
CUST-5846,Greg Tanner,kristinelittle@example.net,APAC,2024-10-07,Platinum
CUST-5847,Laura Tran,christophervincent@example.com,APAC,2025-01-12,Gold
CUST-5848,Cindy Wells,uramirez@example.com,US,2024-12-26,Platinum
CUST-5849,Danielle Murphy,patriciavargas@example.org,EMEA,2023-11-10,Gold
CUST-5850,Stephanie Butler,williamsthomas@example.net,LATAM,2024-01-02,Bronze
CUST-5851,Joseph Mendoza,chavezjohn@example.net,APAC,2025-10-18,Silver
CUST-5852,Melissa Russell,davidphillips@example.net,APAC,2023-10-29,Bronze
CUST-5853,Mrs. Maureen Martin DDS,braysteven@example.org,US,2026-05-11,Gold
CUST-5854,Jennifer Clarke,courtney01@example.com,US,2024-03-16,Bronze
CUST-5855,Faith Johnson,smullins@example.net,EMEA,2026-08-11,Silver
CUST-5856,Rebecca French,olivermatthew@example.org,APAC,2024-03-05,Silver
CUST-5857,Susan Cox,rodriguezmichael@example.net,US,2024-12-05,Bronze
CUST-5858,Jacob Wong,castrokim@example.org,EMEA,2025-10-24,Silver
CUST-5859,Mrs. Ashley Mendoza,karenhodges@example.com,US,2024-09-18,Gold
CUST-5860,Derek Frazier,brian55@example.com,APAC,2024-06-25,Bronze
CUST-5861,Mr. Bryan Mckinney,shannon51@example.org,LATAM,2026-05-10,Silver
CUST-5862,Judith Miller,keithfrye@example.org,EMEA,2024-04-17,Gold
CUST-5863,Brian Hernandez,nancymeyer@example.net,LATAM,2026-04-19,Platinum
CUST-5864,Jason Fleming,thomasfisher@example.net,LATAM,2024-03-31,Bronze
CUST-5865,Dorothy Brown,marystone@example.com,LATAM,2024-01-15,Platinum
CUST-5866,Grant Lucas,todd88@example.com,LATAM,2025-08-15,Silver
CUST-5867,Keith Villanueva,george43@example.com,EMEA,2026-07-23,Silver
CUST-5868,Dwayne Bruce,michaelbryant@example.org,EMEA,2023-11-28,Bronze
CUST-5869,Caitlyn Nichols,teresafranco@example.net,US,2026-05-06,Gold
CUST-5870,Rebecca Martin,williamsleslie@example.org,US,2026-04-25,Bronze
CUST-5871,Jacob Harris,wadetiffany@example.org,APAC,2023-09-18,Gold
CUST-5872,Joshua Martin,david06@example.com,APAC,2025-08-31,Bronze
CUST-5873,Theresa Reilly,adamrodgers@example.net,EMEA,2024-07-01,Bronze
CUST-5874,Michael Wells,tara92@example.net,LATAM,2026-01-07,Platinum
CUST-5875,Tammy Morgan,dennisrachel@example.org,EMEA,2025-10-07,Bronze
CUST-5876,Audrey Johnson,seandavis@example.org,APAC,2024-11-15,Bronze
CUST-5877,Christie Fox,james18@example.com,EMEA,2026-06-07,Platinum
CUST-5878,Tina Daugherty,ulee@example.net,EMEA,2026-07-13,Gold
CUST-5879,Terri Kerr,raymond65@example.com,US,2024-04-27,Gold
CUST-5880,Dustin Bell,fsawyer@example.org,EMEA,2026-06-05,Gold
CUST-5881,Jill Riddle,zroberts@example.net,LATAM,2026-03-07,Bronze
CUST-5882,Jessica Mosley,maryharper@example.org,APAC,2025-03-20,Bronze
CUST-5883,John Dillon,carl96@example.org,LATAM,2025-01-30,Silver
CUST-5884,Mark Nelson,angelapage@example.org,LATAM,2026-07-19,Platinum
CUST-5885,Ronnie Roberts,twilliams@example.net,APAC,2024-10-23,Platinum
CUST-5886,Justin Ford,moodyeric@example.com,APAC,2025-05-30,Silver
CUST-5887,Sandra Kennedy,robert73@example.org,EMEA,2023-09-28,Gold
CUST-5888,Donald Gamble,georgemichael@example.com,APAC,2026-01-08,Silver
CUST-5889,Sheena Burton,hmccann@example.com,EMEA,2025-08-04,Bronze
CUST-5890,Laura Bruce,bonniethomas@example.com,US,2025-09-08,Bronze
CUST-5891,Brandy Martin,michael50@example.com,LATAM,2025-06-17,Platinum
CUST-5892,Mark Jones,katiewhite@example.org,US,2026-08-02,Silver
CUST-5893,Carol Morris,margaret44@example.net,APAC,2025-05-01,Gold
CUST-5894,Heidi Ferguson,madeline02@example.net,APAC,2025-11-20,Gold
CUST-5895,Richard Jenkins,curtismoore@example.org,LATAM,2026-07-15,Silver
CUST-5896,Rebecca Hansen,butlersabrina@example.org,EMEA,2024-01-16,Bronze
CUST-5897,Tammy Mendoza,hannah27@example.net,LATAM,2024-08-05,Bronze
CUST-5898,Tracy Jackson,anthony13@example.org,APAC,2023-10-27,Silver
CUST-5899,Brenda Perez,jasonzavala@example.com,LATAM,2023-10-28,Bronze
CUST-5900,Rachel Jones,ctodd@example.org,US,2025-03-10,Platinum
CUST-5901,Ricky Palmer,harrisonrebekah@example.org,EMEA,2026-02-09,Silver
CUST-5902,Michael Webster,morajamie@example.org,EMEA,2024-10-02,Silver
CUST-5903,Gregory Davis,stacy55@example.org,US,2024-12-17,Silver
CUST-5904,Phyllis Austin,garciabelinda@example.org,EMEA,2024-12-11,Gold
CUST-5905,Michelle Brandt,rachelmedina@example.net,EMEA,2024-02-18,Platinum
CUST-5906,Daniel Gordon,lrichardson@example.org,APAC,2025-01-05,Silver
CUST-5907,Tyler White,tina63@example.net,US,2025-05-17,Gold
CUST-5908,Brian Rollins,owensapril@example.com,APAC,2026-07-31,Bronze
CUST-5909,Michele Hawkins,millertristan@example.com,US,2024-10-07,Bronze
CUST-5910,Kyle Collins,aperez@example.com,EMEA,2024-08-25,Silver
CUST-5911,Mrs. Shannon Jacobson,xcrosby@example.org,US,2024-09-29,Platinum
CUST-5912,Michael Powers,qkim@example.net,APAC,2025-12-19,Gold
CUST-5913,Charles Morales,figueroapatricia@example.org,EMEA,2026-06-25,Bronze
CUST-5914,William Morgan,bmartinez@example.net,APAC,2025-04-04,Platinum
CUST-5915,Dr. Ralph Wheeler DDS,qkelly@example.net,APAC,2025-07-27,Silver
CUST-5916,Victoria Dixon,katrinarodriguez@example.com,APAC,2026-04-17,Silver
CUST-5917,David Dunlap Jr.,greertyrone@example.org,LATAM,2023-09-11,Gold
CUST-5918,Janet Shelton,kevinhanson@example.org,LATAM,2024-10-13,Gold
CUST-5919,Kelly Vasquez,qharris@example.com,APAC,2026-05-03,Silver
CUST-5920,Dennis Cooper PhD,cisnerosanthony@example.com,US,2026-08-13,Gold
CUST-5921,Barbara Cole,cramos@example.org,EMEA,2025-08-08,Platinum
CUST-5922,Matthew Chan,travistaylor@example.net,LATAM,2025-10-23,Gold
CUST-5923,Phillip Carroll,rkeller@example.net,APAC,2026-04-21,Silver
CUST-5924,Karen Dickerson,myerstroy@example.com,LATAM,2025-02-05,Gold
CUST-5925,Heather Levine,bryan90@example.org,APAC,2026-03-30,Gold
CUST-5926,Hannah Harmon,hubbardcolleen@example.com,EMEA,2026-02-10,Platinum
CUST-5927,Gregory Howard,brian33@example.org,APAC,2026-01-12,Bronze
CUST-5928,Leslie Lozano,meltondanny@example.org,EMEA,2026-01-10,Bronze
CUST-5929,Gabriel Murray,abradley@example.com,APAC,2024-02-16,Gold
CUST-5930,John Johnson,nicholas65@example.net,US,2026-07-26,Platinum
CUST-5931,John Vazquez,matthewshaw@example.net,US,2024-03-05,Platinum
CUST-5932,Lucas Cox,oharris@example.org,US,2026-05-02,Bronze
CUST-5933,Kimberly Mitchell,evansashley@example.org,US,2025-06-07,Platinum
CUST-5934,Tina Robbins,vargasjoshua@example.net,EMEA,2025-04-25,Platinum
CUST-5935,Karen Clark,pearsonkevin@example.com,APAC,2025-07-13,Bronze
CUST-5936,Joshua Gonzalez,gking@example.com,EMEA,2024-08-09,Silver
CUST-5937,Kimberly Ibarra,barbaralewis@example.net,LATAM,2025-04-26,Gold
CUST-5938,Debra Little,umichael@example.net,US,2025-07-15,Platinum
CUST-5939,Curtis Ford,edwardjennings@example.com,APAC,2024-10-31,Platinum
CUST-5940,Jennifer Dalton,waltersmeghan@example.com,APAC,2026-02-09,Silver
CUST-5941,Maria Scott,richardwilson@example.org,US,2025-03-27,Bronze
CUST-5942,Robert Collins,bcastro@example.com,APAC,2026-06-26,Gold
CUST-5943,Amanda Moore,anthonyclarke@example.com,LATAM,2025-07-24,Gold
CUST-5944,Casey Phelps,dcasey@example.org,APAC,2026-03-14,Gold
CUST-5945,Edward Brown,qmosley@example.net,US,2026-06-15,Silver
CUST-5946,Jennifer Larsen,joelduncan@example.net,LATAM,2025-11-08,Gold
CUST-5947,Kelly Calderon,tyler13@example.net,LATAM,2026-08-06,Gold
CUST-5948,Robert Murphy,vshaffer@example.org,EMEA,2023-12-07,Silver
CUST-5949,Claudia Rodriguez,taragonzales@example.com,EMEA,2025-05-21,Bronze
CUST-5950,Amy Ferguson,stewartrodney@example.net,APAC,2026-06-16,Platinum
CUST-5951,Donald Mueller,michaelbaldwin@example.com,APAC,2024-12-04,Bronze
CUST-5952,Walter Obrien,vazquezkristina@example.org,APAC,2024-12-23,Gold
CUST-5953,James Fowler,rebecca18@example.org,LATAM,2026-04-06,Silver
CUST-5954,Jasmine Browning,qpennington@example.com,EMEA,2025-02-08,Platinum
CUST-5955,Rodney Young,michelemartin@example.com,APAC,2024-01-16,Platinum
CUST-5956,Sherry Wang,rmccormick@example.org,APAC,2024-05-02,Silver
CUST-5957,Teresa Ruiz,vhouse@example.net,EMEA,2026-08-21,Gold
CUST-5958,Thomas Garcia,hollyhunter@example.com,EMEA,2026-03-21,Platinum
CUST-5959,Nicholas Kelley,shawn00@example.net,EMEA,2026-08-21,Gold
CUST-5960,Lorraine Gibbs,aarongonzalez@example.com,APAC,2025-08-11,Bronze
CUST-5961,Bradley Moore,melaniejennings@example.com,APAC,2025-01-17,Gold
CUST-5962,Shane Anderson,graceserrano@example.com,US,2025-02-21,Gold
CUST-5963,Jason White,kduffy@example.org,APAC,2023-10-20,Platinum
CUST-5964,Alexander Hansen,rebeccamccann@example.org,LATAM,2023-10-10,Gold
CUST-5965,Samuel Williams,jburke@example.org,APAC,2025-01-13,Silver
CUST-5966,Carolyn Bradley,higginsryan@example.com,APAC,2023-11-28,Bronze
CUST-5967,Kathleen Walker,jamesatkins@example.com,US,2025-03-12,Silver
CUST-5968,Johnny Anderson,carolcarney@example.com,APAC,2026-07-20,Bronze
CUST-5969,Chelsey White,anthonycherry@example.org,US,2026-05-21,Bronze
CUST-5970,Susan Wood,emiller@example.org,US,2025-06-04,Bronze
CUST-5971,Valerie Sanders,jennifererickson@example.net,EMEA,2026-01-07,Bronze
CUST-5972,Angel Hawkins,cookjimmy@example.com,EMEA,2023-11-30,Gold
CUST-5973,Teresa Coffey DDS,smithwilliam@example.com,LATAM,2024-01-17,Silver
CUST-5974,James Wood,carpenterjorge@example.net,LATAM,2026-04-07,Silver
CUST-5975,Gerald Mcdonald Jr.,hthomas@example.com,EMEA,2025-04-03,Gold
CUST-5976,Carl Savage,julie64@example.com,US,2025-05-10,Gold
CUST-5977,Pam Baker,ryan25@example.net,EMEA,2025-06-22,Gold
CUST-5978,Pamela Hernandez DVM,jbrown@example.org,EMEA,2023-12-26,Gold
CUST-5979,Andrew Green,fgraham@example.org,APAC,2026-07-20,Silver
CUST-5980,William Hoffman,uvasquez@example.org,US,2025-11-08,Platinum
CUST-5981,Brandon Oneill,marybrady@example.com,APAC,2026-03-21,Platinum
CUST-5982,Mary Lewis,foxashley@example.com,EMEA,2026-03-11,Bronze
CUST-5983,Danielle Jimenez,clayanthony@example.net,APAC,2023-12-02,Silver
CUST-5984,Mrs. Jacqueline Hickman,hooderic@example.org,US,2023-12-14,Gold
CUST-5985,Michael Castillo,brooke05@example.org,APAC,2024-07-14,Gold
CUST-5986,Tiffany Nguyen,jasonwilliams@example.net,EMEA,2024-09-29,Silver
CUST-5987,Robert Manning,qdavis@example.org,EMEA,2023-09-04,Platinum
CUST-5988,Randy Ross,phelpsfrank@example.com,LATAM,2023-10-03,Silver
CUST-5989,Paul Valdez,evanslaurie@example.net,APAC,2024-03-06,Bronze
CUST-5990,Emily Cohen,michaeldavis@example.com,APAC,2025-06-30,Silver
CUST-5991,Katherine Mcclure,madams@example.com,APAC,2023-09-22,Silver
CUST-5992,Jay Richardson,ryansimmons@example.org,LATAM,2025-12-16,Bronze
CUST-5993,Valerie Rhodes,sarahrose@example.net,EMEA,2024-12-01,Silver
CUST-5994,Donna Kim,ievans@example.net,LATAM,2025-11-18,Gold
CUST-5995,Sarah Mills,ashley81@example.org,APAC,2026-07-05,Platinum
CUST-5996,Kayla Gutierrez,kguerrero@example.com,EMEA,2024-09-09,Gold
CUST-5997,Kevin Mack,wilsondorothy@example.org,EMEA,2025-08-28,Gold
CUST-5998,Sarah Williams,tmcdowell@example.com,APAC,2026-05-21,Silver
CUST-5999,Jordan Santiago,matthew23@example.org,US,2025-04-12,Bronze
CUST-6000,William Green,hamiltonandrew@example.com,US,2023-10-28,Gold
CUST-6001,Christopher Woods,vmelton@example.net,US,2025-02-06,Gold
CUST-6002,Elizabeth Li,hannah64@example.org,EMEA,2026-02-23,Silver
CUST-6003,Adrian Rodriguez,hortonjacob@example.org,APAC,2023-10-10,Platinum
CUST-6004,Matthew Santos,ywilkinson@example.net,LATAM,2025-05-28,Gold
CUST-6005,Eric Ford,hhenderson@example.org,EMEA,2026-05-30,Gold
CUST-6006,Nancy Wallace,cruiz@example.net,US,2023-11-18,Bronze
CUST-6007,Edward Gallegos,awilliams@example.org,APAC,2025-07-15,Gold
CUST-6008,Michelle Petty,mmclaughlin@example.net,LATAM,2026-06-15,Silver
CUST-6009,Donna Freeman,upalmer@example.net,EMEA,2026-04-08,Platinum
CUST-6010,Susan Dillon,jenniferrice@example.com,APAC,2026-02-19,Silver
CUST-6011,Kristen Adams,hsmall@example.com,EMEA,2024-09-12,Platinum
CUST-6012,Maria West,ssmith@example.net,APAC,2025-08-10,Platinum
CUST-6013,Gregg Hall,brianacohen@example.net,APAC,2026-05-04,Gold
CUST-6014,Michelle Mcdonald,jennifer66@example.net,EMEA,2024-11-11,Platinum
CUST-6015,Heather Kennedy,christycampbell@example.net,EMEA,2025-08-06,Bronze
CUST-6016,John Thompson,catherinegarcia@example.com,US,2025-03-07,Gold
CUST-6017,Katherine Young,kiddmichael@example.com,LATAM,2024-01-27,Bronze
CUST-6018,Christopher Clayton,romanmatthew@example.org,LATAM,2026-05-09,Gold
CUST-6019,Barbara Walker,victoria50@example.net,APAC,2025-11-29,Silver
CUST-6020,Chris Vaughn,mccarthysara@example.com,LATAM,2024-04-06,Gold
CUST-6021,Tonya Campos,harringtonchelsea@example.org,EMEA,2025-11-26,Bronze
CUST-6022,Amanda Garcia,pittsrhonda@example.org,US,2025-03-20,Bronze
CUST-6023,Michelle Gill,goconnor@example.org,APAC,2023-10-18,Platinum
CUST-6024,Felicia Taylor,scottperry@example.org,EMEA,2025-02-09,Platinum
CUST-6025,Robert Peterson,christopherwatson@example.com,EMEA,2025-02-15,Platinum
CUST-6026,Maurice Hernandez,icobb@example.com,APAC,2024-09-17,Gold
CUST-6027,Jason Ellis,sherry72@example.org,LATAM,2026-07-27,Platinum
CUST-6028,Kelly Jones,leroy26@example.org,APAC,2025-08-08,Platinum
CUST-6029,Andrew Nielsen,rachelbrown@example.net,LATAM,2025-05-17,Gold
CUST-6030,Rebecca Liu,robert84@example.net,EMEA,2025-07-16,Silver
CUST-6031,Susan Smith,rachel92@example.net,US,2023-11-22,Silver
CUST-6032,Mathew Clay,zterry@example.net,EMEA,2026-02-13,Platinum
CUST-6033,Craig Turner,medinapeter@example.net,US,2025-04-20,Platinum
CUST-6034,Beth Braun,jason88@example.com,US,2026-05-02,Gold
CUST-6035,Nicole Moore,zamoraamber@example.com,APAC,2023-09-11,Bronze
CUST-6036,Raymond Barber,dennismckenzie@example.com,APAC,2025-03-24,Platinum
CUST-6037,Heather Williams,westashley@example.org,APAC,2025-06-14,Silver
CUST-6038,William Trujillo,michaelmitchell@example.net,US,2026-04-19,Silver
CUST-6039,Brenda Gray,danielblack@example.org,EMEA,2024-05-28,Gold
CUST-6040,Heather Garcia,fpoole@example.org,EMEA,2023-11-18,Platinum
CUST-6041,Stephen Alvarez,rmiller@example.net,EMEA,2025-03-09,Silver
CUST-6042,Justin Maxwell,breanna67@example.net,LATAM,2024-06-13,Platinum
CUST-6043,Katherine Mcpherson,drewmartinez@example.net,EMEA,2025-05-23,Silver
CUST-6044,Walter Palmer,bensonstanley@example.org,LATAM,2026-02-10,Bronze
CUST-6045,Terry Wood,guzmanricky@example.org,APAC,2023-10-02,Gold
CUST-6046,Dylan Mills,watsonvickie@example.com,APAC,2026-05-30,Platinum
CUST-6047,Alfred Thomas,twilliams@example.com,US,2025-02-06,Silver
CUST-6048,Robert Burns,kelleycarlos@example.org,EMEA,2025-07-12,Platinum
CUST-6049,Kenneth Knight,kimberly79@example.org,LATAM,2025-02-06,Silver
CUST-6050,Kathy Murray,jcontreras@example.net,APAC,2024-08-17,Gold
CUST-6051,Robert Beck,zhughes@example.com,APAC,2024-06-26,Bronze
CUST-6052,Tina Wu,debbie20@example.net,EMEA,2024-11-06,Silver
CUST-6053,Patricia Parker,schneiderchristopher@example.net,APAC,2024-05-01,Platinum
CUST-6054,Nina Bernard,karenshaw@example.org,US,2024-02-14,Silver
CUST-6055,Timothy White,hilljamie@example.net,LATAM,2024-05-16,Bronze
CUST-6056,Lauren Miller,richard07@example.org,APAC,2026-03-02,Platinum
CUST-6057,Christopher Johnson,patrick11@example.org,US,2026-04-21,Platinum
CUST-6058,Dominique White,moorestephanie@example.net,LATAM,2024-06-30,Silver
CUST-6059,Lucas Nguyen,reeveskenneth@example.org,APAC,2025-08-16,Bronze
CUST-6060,Jason Nguyen,hdavid@example.org,LATAM,2024-02-07,Gold
CUST-6061,Paul Willis,gromero@example.com,US,2025-02-11,Gold
CUST-6062,Debra Flores,bjones@example.com,LATAM,2025-03-07,Platinum
CUST-6063,Susan Smith,sanchezangela@example.org,US,2025-09-01,Gold
CUST-6064,Jason Miller,kristathomas@example.net,APAC,2024-10-02,Silver
CUST-6065,Dr. Kimberly Henderson,dwilliams@example.net,LATAM,2024-03-09,Platinum
CUST-6066,William Smith,qnelson@example.net,LATAM,2026-02-06,Silver
CUST-6067,Gregory Chen,brandon89@example.org,LATAM,2024-02-02,Silver
CUST-6068,James Martinez,jessicalutz@example.com,APAC,2025-02-19,Platinum
CUST-6069,Jonathan Pham,cynthia74@example.org,LATAM,2026-05-22,Silver
CUST-6070,Erica Clark,allen20@example.net,US,2026-06-14,Platinum
CUST-6071,Steven Chambers,speters@example.net,APAC,2023-09-11,Silver
CUST-6072,James Miller PhD,ryanpatricia@example.net,US,2025-06-16,Platinum
CUST-6073,Caleb Stanton,wcarey@example.com,LATAM,2023-11-12,Silver
CUST-6074,Randy Terry,martinezmitchell@example.org,LATAM,2024-08-15,Silver
CUST-6075,Daniel Smith,erin53@example.org,US,2025-08-18,Bronze
CUST-6076,Lori Stokes,jimsnyder@example.com,LATAM,2023-11-05,Bronze
CUST-6077,Johnathan Padilla,adrianjoyce@example.net,APAC,2024-07-07,Platinum
CUST-6078,Sergio Carroll,mjackson@example.net,LATAM,2023-09-20,Platinum
CUST-6079,Megan Morrison,cameronanderson@example.org,EMEA,2025-06-08,Bronze
CUST-6080,Timothy Foley,james08@example.net,EMEA,2026-05-26,Platinum
CUST-6081,Justin Gibson,pdavidson@example.org,EMEA,2025-06-24,Gold
CUST-6082,Erica Richard,rhill@example.net,EMEA,2024-05-11,Bronze
CUST-6083,Isaiah Blake,brandonhull@example.net,EMEA,2026-06-18,Platinum
CUST-6084,Aaron Lee,beardlindsey@example.net,LATAM,2025-03-16,Silver
CUST-6085,Michael Rosario,jamesmurphy@example.org,LATAM,2025-05-10,Bronze
CUST-6086,Anne Castillo,watkinsconnie@example.com,LATAM,2024-06-29,Silver
CUST-6087,Danielle Wells,marissa58@example.org,LATAM,2026-06-10,Silver
CUST-6088,Patricia Harvey,garrettbeth@example.org,LATAM,2024-06-17,Silver
CUST-6089,Sydney Bennett,pattonbryan@example.com,LATAM,2024-04-10,Platinum
CUST-6090,Leslie Reynolds,byrdanita@example.com,APAC,2024-04-09,Platinum
CUST-6091,Jennifer Williamson,mhall@example.net,APAC,2024-07-04,Gold
CUST-6092,Jody Marshall,nhobbs@example.org,LATAM,2025-12-13,Silver
CUST-6093,Timothy Logan,lholmes@example.org,US,2024-05-29,Bronze
CUST-6094,Adam Reeves,rebeccamartinez@example.net,EMEA,2024-02-17,Gold
CUST-6095,Jason Hardy,ilopez@example.org,EMEA,2026-08-10,Bronze
CUST-6096,Eric Graham,larry82@example.org,US,2025-02-14,Silver
CUST-6097,Larry Carter,holmesdiane@example.org,APAC,2023-10-22,Bronze
CUST-6098,Jonathon Conley,hendersonjames@example.org,US,2026-02-13,Platinum
CUST-6099,Christina Jones,elizabethneal@example.com,APAC,2024-11-21,Silver
CUST-6100,Erin Lane,christina65@example.org,LATAM,2026-08-23,Bronze
CUST-6101,Shawn Lozano,arobinson@example.net,LATAM,2023-11-18,Platinum
CUST-6102,David Hanson,timothytate@example.com,APAC,2025-12-22,Gold
CUST-6103,Jamie Ross,coxcharles@example.org,US,2024-05-06,Platinum
CUST-6104,Brenda Alexander,bradley03@example.org,EMEA,2024-04-11,Bronze
CUST-6105,Daniel Green,matthewspencer@example.org,US,2025-09-16,Silver
CUST-6106,Christopher Green,smitherica@example.com,APAC,2026-07-10,Silver
CUST-6107,Stacey Morgan,kevinallen@example.com,EMEA,2025-08-30,Gold
CUST-6108,Teresa Rowland,ejohns@example.org,LATAM,2024-06-29,Bronze
CUST-6109,Thomas Norton,amandabenson@example.com,EMEA,2024-05-08,Bronze
CUST-6110,Vanessa Sanchez,hinesbrenda@example.net,EMEA,2024-01-07,Platinum
CUST-6111,Charles Wright,monique89@example.com,LATAM,2024-06-08,Silver
CUST-6112,Brad Ruiz,jacksonpaul@example.net,EMEA,2024-05-28,Platinum
CUST-6113,Jacqueline Stone,marcbrooks@example.net,EMEA,2026-05-17,Silver
CUST-6114,Dr. John Perkins,clarkpatricia@example.com,APAC,2023-09-12,Silver
CUST-6115,Jennifer Torres,xduncan@example.com,APAC,2025-09-07,Gold
CUST-6116,Brandy Miller,ostone@example.net,US,2026-07-12,Silver
CUST-6117,Jose Rogers,amcdonald@example.com,US,2024-06-14,Platinum
CUST-6118,Emily Reyes,scottbaker@example.org,EMEA,2024-05-25,Gold
CUST-6119,Bradley Kirby,hartmansara@example.org,LATAM,2024-02-27,Gold
CUST-6120,Isaac Payne,james54@example.com,LATAM,2025-09-23,Silver
CUST-6121,Patricia Bruce,janicebolton@example.net,EMEA,2024-11-25,Bronze
CUST-6122,Susan Smith,juan56@example.com,US,2024-02-09,Gold
CUST-6123,Norma Smith,michelleperez@example.net,LATAM,2024-12-26,Silver
CUST-6124,Kara Black,dsharp@example.com,APAC,2026-05-26,Platinum
CUST-6125,Emily Lopez,cclark@example.net,LATAM,2025-03-02,Gold
CUST-6126,Charles Russo,sherry07@example.net,LATAM,2025-11-15,Platinum
CUST-6127,Gina Barnes,sfarmer@example.net,LATAM,2025-04-05,Bronze
CUST-6128,Kevin Bradley,weekseric@example.com,US,2023-11-10,Platinum
CUST-6129,Rebecca Mcintyre,nbaird@example.com,US,2024-05-15,Platinum
CUST-6130,James Wells,ashley74@example.org,US,2025-05-14,Bronze
CUST-6131,Michael Thompson,mjohnson@example.org,US,2026-07-05,Platinum
CUST-6132,Jasmin Harris,donna17@example.org,LATAM,2024-01-11,Platinum
CUST-6133,Adam Murphy,hmyers@example.org,US,2024-07-09,Bronze
CUST-6134,Karen Jones,davidharris@example.com,APAC,2025-08-31,Bronze
CUST-6135,Mary Moore,briana87@example.com,APAC,2026-07-13,Platinum
CUST-6136,William Griffin,pjacobs@example.net,APAC,2024-12-10,Silver
CUST-6137,Keith Henry,vjohnston@example.org,APAC,2023-10-20,Silver
CUST-6138,Stanley Bryant,peter26@example.org,EMEA,2025-04-11,Gold
CUST-6139,Luke Reynolds,lbartlett@example.net,APAC,2025-08-27,Bronze
CUST-6140,Jennifer Bautista,nicolemoore@example.net,US,2024-12-04,Silver
CUST-6141,Mary Jones,reginajenkins@example.net,EMEA,2025-03-18,Platinum
CUST-6142,Jacob Campos,robert24@example.org,US,2025-08-17,Silver
CUST-6143,Julia Jones,vjames@example.com,APAC,2026-07-16,Gold
CUST-6144,Jennifer Smith,fletcherderek@example.net,US,2025-03-22,Gold
CUST-6145,Kari Jones,jenniferkim@example.com,US,2026-01-28,Silver
CUST-6146,Sarah Jackson,lawsongregory@example.org,EMEA,2024-05-30,Gold
CUST-6147,Jeanne Jones,byrderic@example.com,APAC,2024-09-19,Gold
CUST-6148,Miguel Stafford,scottwilliams@example.net,US,2024-11-29,Platinum
CUST-6149,Margaret Moran,myerskyle@example.org,EMEA,2024-06-26,Platinum
CUST-6150,Amber Bennett,sarahbrooks@example.org,LATAM,2025-06-07,Gold
CUST-6151,Alan Johnson,rogersjames@example.net,US,2024-11-08,Silver
CUST-6152,Tyler Davis,jenniferwilliams@example.net,APAC,2024-05-20,Platinum
CUST-6153,Gabriel Hart,colleenvilla@example.com,LATAM,2024-08-03,Silver
CUST-6154,Barbara Lewis,marcus06@example.net,APAC,2026-05-03,Bronze
CUST-6155,James Ellis,barrettjoshua@example.net,APAC,2025-01-22,Bronze
CUST-6156,Austin Robinson,katrina71@example.net,US,2024-05-24,Gold
CUST-6157,Wanda Jefferson,johnathandavis@example.com,APAC,2025-05-05,Gold
CUST-6158,Miss Megan Compton,martinreid@example.net,EMEA,2023-09-15,Platinum
CUST-6159,Samuel Olson,andres97@example.com,US,2026-06-13,Platinum
CUST-6160,Natalie Gordon,hallchristina@example.org,APAC,2026-01-12,Silver
CUST-6161,Oscar Todd,brownnicholas@example.com,US,2024-01-08,Bronze
CUST-6162,James May,sandrageorge@example.com,EMEA,2025-03-22,Bronze
CUST-6163,Erin Ramirez,meyertiffany@example.net,US,2023-11-23,Bronze
CUST-6164,Nicole Perez,matthew38@example.org,LATAM,2025-06-01,Gold
CUST-6165,Mary Wright,cathyjames@example.com,US,2024-04-16,Platinum
CUST-6166,Mark Brown,mjones@example.org,LATAM,2023-09-07,Gold
CUST-6167,Brenda Harris,thompsonana@example.org,APAC,2026-07-11,Bronze
CUST-6168,Blake Hardy,frank33@example.com,LATAM,2025-11-14,Platinum
CUST-6169,David Mitchell,mfaulkner@example.com,EMEA,2026-06-17,Silver
CUST-6170,Karen Tapia,raymond27@example.com,EMEA,2023-11-13,Bronze
CUST-6171,Leon Hamilton,lorileon@example.org,EMEA,2023-10-29,Silver
CUST-6172,Jessica Miller,brooke28@example.net,APAC,2025-04-04,Platinum
CUST-6173,James Torres,nicholas97@example.org,APAC,2026-05-14,Platinum
CUST-6174,Miguel Gonzalez,adamhensley@example.net,APAC,2023-11-26,Silver
CUST-6175,Katherine Frost,xwaller@example.com,US,2023-10-15,Bronze
CUST-6176,Martin Chapman MD,riddledavid@example.net,US,2025-04-02,Gold
CUST-6177,Phillip Krueger,william75@example.net,APAC,2025-08-01,Platinum
CUST-6178,James Coleman,johnjohnson@example.com,EMEA,2024-12-01,Bronze
CUST-6179,Megan Terry,josegibson@example.net,EMEA,2026-08-16,Silver
CUST-6180,David Lane,alexanderwise@example.net,APAC,2025-07-08,Bronze
CUST-6181,Janice Mccarthy,stonejacob@example.com,LATAM,2026-06-25,Gold
CUST-6182,Jeffery Holt,uwillis@example.com,APAC,2024-07-25,Silver
CUST-6183,Tammy Booth,fieldskimberly@example.com,EMEA,2025-06-01,Platinum
CUST-6184,Debra Clark,ahale@example.org,US,2023-09-25,Silver
CUST-6185,April Jones,pwarren@example.com,APAC,2024-12-29,Bronze
CUST-6186,Carolyn Brooks,jameswhite@example.org,EMEA,2026-04-24,Platinum
CUST-6187,Robert Lopez,bradylisa@example.org,LATAM,2025-01-31,Platinum
CUST-6188,Steven Ortiz,oneillgabriel@example.com,LATAM,2024-11-26,Silver
CUST-6189,Caleb Brown,richardstimothy@example.net,EMEA,2025-09-20,Bronze
CUST-6190,Alexandra Adams,ortegakristina@example.org,US,2025-04-07,Gold
CUST-6191,Joseph Smith,sarah75@example.net,US,2024-04-25,Platinum
CUST-6192,Jacob Wu,lisa56@example.com,US,2025-08-09,Silver
CUST-6193,Vanessa Marks,smithmonica@example.com,APAC,2025-02-05,Silver
CUST-6194,Stacy Taylor,meltonjoshua@example.net,LATAM,2026-01-07,Silver
CUST-6195,Danielle Hayes,qrobertson@example.org,LATAM,2025-04-02,Platinum
CUST-6196,Mark Mcmahon,allen50@example.net,LATAM,2026-01-11,Gold
CUST-6197,Jeremy Lawson,ystevenson@example.org,APAC,2026-05-25,Gold
CUST-6198,Todd David,shatfield@example.org,US,2025-07-10,Bronze
CUST-6199,Elizabeth Lee,mollywalter@example.net,LATAM,2024-10-21,Gold
CUST-6200,Bethany Robles,marisa87@example.org,LATAM,2025-12-22,Silver
CUST-6201,Tina Olson,johnjackson@example.net,APAC,2023-12-04,Gold
CUST-6202,Ashley Holder,martinsarah@example.com,LATAM,2026-05-10,Platinum
CUST-6203,Connie Scott,qlynn@example.org,EMEA,2024-10-26,Bronze
CUST-6204,Tammy Schultz,sdavis@example.com,APAC,2025-05-24,Platinum
CUST-6205,Tara Miranda,schneidernicholas@example.net,US,2025-07-31,Bronze
CUST-6206,Molly Valdez,ostokes@example.com,US,2024-11-15,Silver
CUST-6207,Brandon Davis,juliewilson@example.com,APAC,2025-12-06,Bronze
CUST-6208,Erik James,collinsbrittany@example.org,APAC,2025-10-26,Bronze
CUST-6209,Veronica Flores,lauren28@example.net,APAC,2025-05-30,Platinum
CUST-6210,Courtney Foster,sstewart@example.org,EMEA,2026-07-01,Gold
CUST-6211,Mr. Kyle Thomas DDS,georgekyle@example.net,APAC,2026-06-08,Platinum
CUST-6212,Zachary Mccarthy,nwelch@example.com,LATAM,2026-07-31,Silver
CUST-6213,Vincent Brown,eric33@example.net,APAC,2024-12-29,Bronze
CUST-6214,Tammy Parsons,tluna@example.net,APAC,2024-05-14,Platinum
CUST-6215,Caitlin Smith,rrogers@example.com,EMEA,2025-08-13,Gold
CUST-6216,Norma Myers DDS,justin38@example.com,APAC,2025-12-23,Gold
CUST-6217,Frank Moody,hornjenna@example.com,LATAM,2026-01-05,Silver
CUST-6218,Laura Ramos,jcarter@example.org,EMEA,2024-10-14,Platinum
CUST-6219,Paul Moss,coxmelissa@example.org,APAC,2023-11-14,Bronze
CUST-6220,Virginia Hernandez,kshelton@example.org,US,2024-07-16,Silver
CUST-6221,William White,wilsonzachary@example.com,LATAM,2024-01-07,Silver
CUST-6222,Tracy Sims,hsanchez@example.org,LATAM,2025-01-03,Platinum
CUST-6223,Eric Carlson,denisebennett@example.net,LATAM,2024-08-22,Bronze
CUST-6224,Megan Davis DDS,phill@example.com,US,2025-12-03,Platinum
CUST-6225,Bryan Miller,gmay@example.org,EMEA,2024-09-18,Silver
CUST-6226,Kenneth Armstrong,heather19@example.org,US,2025-12-20,Bronze
CUST-6227,Zachary Park,ashley15@example.org,APAC,2024-10-23,Bronze
CUST-6228,Shannon Medina,bhess@example.com,US,2024-06-09,Gold
CUST-6229,Kimberly Burnett,lbrown@example.net,LATAM,2024-07-10,Platinum
CUST-6230,Rachel Martinez,tammymerritt@example.org,LATAM,2024-10-10,Bronze
CUST-6231,Melissa Smith,hmcbride@example.org,EMEA,2025-06-26,Bronze
CUST-6232,Daniel Martin,melissa01@example.org,APAC,2026-01-12,Silver
CUST-6233,Heidi Stephens,qrowland@example.org,US,2023-10-03,Bronze
CUST-6234,Angel Bautista,donna72@example.net,APAC,2025-02-25,Silver
CUST-6235,Erik Bartlett DVM,haileybates@example.org,APAC,2024-11-06,Gold
CUST-6236,Cole Evans,susanguzman@example.org,LATAM,2024-02-21,Gold
CUST-6237,Destiny Daniel,qjones@example.com,EMEA,2024-08-30,Gold
CUST-6238,Steven Ross,duffyerica@example.net,EMEA,2026-06-05,Gold
CUST-6239,Dalton Soto,wanda35@example.net,EMEA,2025-03-16,Bronze
CUST-6240,Samantha Jacobs,uunderwood@example.com,US,2024-07-01,Gold
CUST-6241,Victor Wright,david18@example.com,LATAM,2025-04-27,Gold
CUST-6242,Mark Cox,kimberly23@example.com,EMEA,2024-12-17,Bronze
CUST-6243,James Novak,ylynn@example.org,US,2024-06-13,Silver
CUST-6244,Nicholas Parker,wdavis@example.net,US,2024-06-29,Gold
CUST-6245,Diane Nelson,mosleygeorge@example.com,US,2024-12-11,Gold
CUST-6246,Robert Byrd,iwoods@example.com,US,2025-12-04,Bronze
CUST-6247,Jose Moore,douglasbradley@example.com,US,2025-08-14,Platinum
CUST-6248,Nicholas Villegas,erikabarnes@example.com,LATAM,2024-01-23,Silver
CUST-6249,William Lindsey,joshua68@example.net,US,2026-05-20,Gold
CUST-6250,Robin Torres,mezarichard@example.com,US,2025-05-19,Silver
CUST-6251,Madison Jones,shirleymartin@example.org,APAC,2025-06-07,Silver
CUST-6252,Dustin Noble,haydenroger@example.net,LATAM,2024-06-30,Platinum
CUST-6253,Breanna Jimenez,sullivanchristina@example.net,EMEA,2026-04-30,Silver
CUST-6254,Jeffery Ferguson,john89@example.org,APAC,2023-11-26,Gold
CUST-6255,Traci Craig,gregoryrichardson@example.org,EMEA,2025-05-10,Bronze
CUST-6256,Tiffany Henderson,hjackson@example.com,LATAM,2025-11-10,Bronze
CUST-6257,Danielle Ryan,robertstimothy@example.com,APAC,2025-05-30,Gold
CUST-6258,Oscar Carroll,sandrahickman@example.net,APAC,2025-06-07,Silver
CUST-6259,Stephanie Walls,abrown@example.net,EMEA,2024-08-30,Bronze
CUST-6260,Edwin Rodriguez,pamela26@example.com,US,2024-12-18,Platinum
CUST-6261,Jeffrey Gonzalez,robertgentry@example.org,LATAM,2025-09-13,Gold
CUST-6262,Matthew Perez,xbrooks@example.com,APAC,2025-09-03,Bronze
CUST-6263,Kimberly Adams,cdouglas@example.org,US,2025-12-12,Bronze
CUST-6264,Paul Smith,danielmitchell@example.org,EMEA,2024-11-03,Gold
CUST-6265,Patrick Santana,elizabethvaughan@example.net,EMEA,2024-12-06,Bronze
CUST-6266,Mrs. Katherine Simpson,markduran@example.com,EMEA,2025-11-07,Platinum
CUST-6267,Tammy Cameron,ganderson@example.org,US,2026-04-05,Bronze
CUST-6268,Gregory Smith,brettgallegos@example.com,US,2024-06-27,Bronze
CUST-6269,Nancy Hamilton,justin16@example.org,US,2023-11-23,Silver
CUST-6270,Monica Lopez,katie43@example.net,LATAM,2023-12-19,Platinum
CUST-6271,Christina Mccarthy,hayneswayne@example.org,US,2025-05-15,Gold
CUST-6272,Scott Fuller,jeromeanderson@example.org,EMEA,2026-02-18,Platinum
CUST-6273,Corey Thomas,jensenchristopher@example.org,LATAM,2026-08-11,Silver
CUST-6274,Joseph Graves,jeffreysimmons@example.org,APAC,2023-11-26,Bronze
CUST-6275,Maria Torres,michael56@example.org,US,2024-12-10,Silver
CUST-6276,Anthony Williams,guerreromarc@example.com,EMEA,2025-09-02,Bronze
CUST-6277,Terry Garcia,johnnyhenry@example.com,EMEA,2025-01-28,Bronze
CUST-6278,Brent Smith,markfigueroa@example.com,APAC,2026-02-03,Bronze
CUST-6279,Leah Jacobs,debraclark@example.com,EMEA,2024-03-04,Platinum
CUST-6280,Brian Soto,williamstanya@example.net,EMEA,2025-07-08,Silver
CUST-6281,Cheryl Griffin,jonesamy@example.com,US,2024-06-04,Gold
CUST-6282,John Juarez,bradleylee@example.net,EMEA,2024-10-11,Bronze
CUST-6283,Stephanie Malone,patricia71@example.com,APAC,2026-03-12,Bronze
CUST-6284,Jason Velazquez,jacksonjoshua@example.org,APAC,2025-04-05,Bronze
CUST-6285,Tyler Brown,joysanders@example.net,LATAM,2025-10-10,Platinum
CUST-6286,Kayla Jones,ychristensen@example.net,LATAM,2024-04-08,Platinum
CUST-6287,Jennifer Nelson,adamarmstrong@example.net,LATAM,2024-09-24,Gold
CUST-6288,Sherry Gibbs,ugordon@example.net,APAC,2024-06-06,Platinum
CUST-6289,Samuel Phillips,andrea23@example.org,APAC,2025-04-24,Silver
CUST-6290,Dorothy Bowman,sara40@example.net,EMEA,2026-06-22,Bronze
CUST-6291,Wanda Clark,smithmichael@example.net,EMEA,2024-05-22,Silver
CUST-6292,Erika Potts,jennifer69@example.com,US,2026-03-11,Platinum
CUST-6293,Anthony Cabrera,jeffrey42@example.com,US,2026-06-25,Gold
CUST-6294,Kimberly Irwin,sharphailey@example.net,US,2024-07-14,Platinum
CUST-6295,Mark Munoz,lisawalker@example.com,APAC,2026-05-08,Platinum
CUST-6296,Mark Garrison,omoore@example.net,APAC,2025-05-22,Gold
CUST-6297,Jackie Barrera,crawfordstephen@example.org,LATAM,2024-06-25,Silver
CUST-6298,John Blair,andrew22@example.com,EMEA,2026-03-03,Platinum
CUST-6299,Chelsea Thomas,psanchez@example.com,APAC,2025-02-05,Gold
CUST-6300,Joseph Acosta,morrisonnicholas@example.org,APAC,2026-07-04,Silver
CUST-6301,Adam Rivas,andersonkayla@example.com,EMEA,2025-11-16,Silver
CUST-6302,Mark Smith,rosariodaniel@example.net,LATAM,2024-05-13,Gold
CUST-6303,Sarah Miller,timothyhart@example.com,LATAM,2024-02-27,Silver
CUST-6304,Elizabeth Mendoza,brianholt@example.net,APAC,2025-11-01,Platinum
CUST-6305,Alisha Williams,curtis62@example.org,EMEA,2025-10-15,Silver
CUST-6306,Allison Simmons,michaelmitchell@example.net,US,2025-09-27,Silver
CUST-6307,Stephen Carson,vasquezvicki@example.org,APAC,2025-05-17,Gold
CUST-6308,Tyler Howard,david10@example.net,LATAM,2026-08-22,Bronze
CUST-6309,Jeffrey Rogers,erinhernandez@example.net,LATAM,2023-10-09,Gold
CUST-6310,Lori Mitchell,nelsonvictor@example.com,US,2024-05-27,Gold
CUST-6311,Rita Dawson,mccormickmichelle@example.org,APAC,2024-06-12,Platinum
CUST-6312,Bridget Hernandez,ygriffith@example.com,EMEA,2025-04-03,Bronze
CUST-6313,Ashley Simmons,duane52@example.org,LATAM,2024-08-12,Gold
CUST-6314,Heather Snyder,asteele@example.net,APAC,2023-09-25,Platinum
CUST-6315,Felicia Pham,patrickdunn@example.net,LATAM,2026-03-15,Bronze
CUST-6316,Kim Underwood,tmiller@example.com,EMEA,2025-07-20,Silver
CUST-6317,Paula Shepherd,jacquelineyoung@example.org,US,2023-09-28,Silver
CUST-6318,Samuel Cox,hrosario@example.org,US,2024-10-07,Silver
CUST-6319,Heather Atkinson,kenneththomas@example.net,LATAM,2024-11-15,Silver
CUST-6320,Susan Sanchez,briantaylor@example.net,LATAM,2026-03-15,Gold
CUST-6321,Jamie Johnson,swatson@example.org,LATAM,2024-01-02,Bronze
CUST-6322,Angela Monroe,anthonydiaz@example.org,EMEA,2024-12-27,Bronze
CUST-6323,Adam Guerra,lhernandez@example.com,APAC,2025-01-01,Gold
CUST-6324,Nicole Hale,theodore57@example.net,EMEA,2026-01-22,Silver
CUST-6325,Donna Moore,munozglenn@example.org,EMEA,2024-05-02,Platinum
CUST-6326,Ronnie Frazier,qspencer@example.net,LATAM,2025-10-19,Bronze
CUST-6327,Michelle Henderson,josephdavis@example.com,US,2024-06-14,Gold
CUST-6328,Beth Lewis,robinsonisaiah@example.net,EMEA,2024-05-27,Silver
CUST-6329,Lisa Jones,pwoods@example.net,US,2026-07-09,Platinum
CUST-6330,James Brown,deborah34@example.org,EMEA,2025-10-08,Platinum
CUST-6331,Jack Maxwell,anthony42@example.net,LATAM,2024-06-18,Bronze
CUST-6332,Daniel Smith,jacob30@example.org,APAC,2024-08-31,Bronze
CUST-6333,William Cunningham,uwilliams@example.org,LATAM,2025-06-12,Silver
CUST-6334,Alejandra Kelly,susan83@example.com,EMEA,2024-01-29,Platinum
CUST-6335,Molly Dickson,riverapeggy@example.net,LATAM,2024-07-23,Silver
CUST-6336,Robert Hernandez,cwoods@example.com,LATAM,2023-11-27,Platinum
CUST-6337,Michael Miller,cisnerosjesse@example.org,EMEA,2025-08-18,Silver
CUST-6338,Martha Mack,victoriamason@example.net,APAC,2025-03-24,Platinum
CUST-6339,Kelly Mack,vfloyd@example.com,EMEA,2023-10-23,Bronze
CUST-6340,Scott Jordan,nallen@example.net,LATAM,2025-09-06,Platinum
CUST-6341,Christian Burton,adavis@example.org,APAC,2026-01-27,Silver
CUST-6342,Emily Dillon,portershawn@example.org,US,2024-04-11,Silver
CUST-6343,Candice Ramirez,michael12@example.net,LATAM,2025-02-06,Platinum
CUST-6344,Deanna Kennedy,kathryn72@example.org,US,2025-01-23,Gold
CUST-6345,Katherine Cox,richard92@example.com,LATAM,2026-06-17,Bronze
CUST-6346,Ryan Crane,christopher68@example.com,LATAM,2025-09-03,Gold
CUST-6347,Shawn Fleming,figueroajohn@example.net,US,2024-06-01,Bronze
CUST-6348,Samuel Roberts,ashleynash@example.org,US,2025-01-07,Platinum
CUST-6349,Joel Davis,imcdonald@example.com,APAC,2024-01-08,Silver
CUST-6350,Christopher Rodriguez,mtate@example.com,LATAM,2024-11-08,Gold
CUST-6351,Evan Davies,vlewis@example.com,US,2023-10-01,Bronze
CUST-6352,Jesse Gardner,nthomas@example.com,APAC,2024-07-18,Gold
CUST-6353,Victoria Schroeder,mayermichael@example.com,US,2024-02-02,Platinum
CUST-6354,Cindy Lewis,cisnerosgabriela@example.com,LATAM,2024-09-20,Silver
CUST-6355,Christopher Thomas,richard47@example.com,EMEA,2024-04-26,Bronze
CUST-6356,Mckenzie Green,davisrachel@example.com,US,2025-08-24,Gold
CUST-6357,Elizabeth Gonzalez,iolson@example.net,US,2025-03-12,Gold
CUST-6358,Tracie Kim,jmorrow@example.net,US,2025-12-12,Platinum
CUST-6359,Nathan Lane,mariodowns@example.net,LATAM,2023-11-10,Gold
CUST-6360,Nancy Stewart,peggypeck@example.com,LATAM,2024-01-24,Bronze
CUST-6361,Ashley Cordova,ubaker@example.org,LATAM,2026-01-12,Platinum
CUST-6362,Terri Mathews DDS,johnsonjulie@example.org,US,2025-11-22,Silver
CUST-6363,Joshua Martin,nrobinson@example.org,APAC,2025-04-29,Platinum
CUST-6364,Laura Smith,allen48@example.org,LATAM,2025-12-18,Bronze
CUST-6365,Mariah Bryant,ibell@example.com,EMEA,2024-06-04,Silver
CUST-6366,Pamela Wilson,stephenbrooks@example.net,APAC,2026-04-07,Platinum
CUST-6367,Kimberly James,swalters@example.net,LATAM,2024-10-24,Silver
CUST-6368,Susan Garcia,shafferdale@example.net,EMEA,2025-07-15,Gold
CUST-6369,Timothy Garcia,schultzwesley@example.org,EMEA,2025-05-27,Bronze
CUST-6370,Sarah Lewis,harnold@example.org,US,2025-10-03,Gold
CUST-6371,Tiffany Bell,pgutierrez@example.net,LATAM,2024-08-26,Silver
CUST-6372,Jennifer Ayers,williamadams@example.net,EMEA,2024-09-06,Silver
CUST-6373,Ryan Pope,anunez@example.com,US,2025-01-15,Gold
CUST-6374,Alexander Gibbs,matthew96@example.org,US,2026-06-13,Gold
CUST-6375,Jenna Jensen,zpoole@example.net,US,2024-11-23,Bronze
CUST-6376,Todd Myers,richardflores@example.org,LATAM,2024-06-06,Platinum
CUST-6377,Brett Owen,welchkristen@example.net,EMEA,2026-08-07,Bronze
CUST-6378,Sara Moore,james10@example.com,APAC,2024-11-24,Gold
CUST-6379,Randy Hernandez,armstronganthony@example.net,US,2025-06-26,Gold
CUST-6380,Jesse Welch,jacob34@example.org,APAC,2023-09-19,Silver
CUST-6381,Danielle Deleon,qtownsend@example.org,EMEA,2025-10-19,Platinum
CUST-6382,Timothy Burton,rodriguezsara@example.org,APAC,2026-05-10,Bronze
CUST-6383,Douglas Kline,jonesmegan@example.org,LATAM,2026-01-25,Platinum
CUST-6384,John Johnson,tuckerconnie@example.org,US,2024-05-30,Silver
CUST-6385,Jaime Edwards,lstokes@example.com,US,2025-08-25,Gold
CUST-6386,Christopher Bradley,wilsonmatthew@example.com,LATAM,2023-10-31,Gold
CUST-6387,Mr. Joshua Moore,sara39@example.org,US,2024-03-26,Platinum
CUST-6388,Kelly Hodges,michellewilson@example.org,EMEA,2026-01-18,Gold
CUST-6389,Charles Miller,josepholson@example.org,LATAM,2025-08-12,Bronze
CUST-6390,Juan Phillips,zgraham@example.org,EMEA,2026-04-13,Silver
CUST-6391,Craig Mathis,suzanne19@example.net,APAC,2025-06-07,Platinum
CUST-6392,Robert Mckay,chamilton@example.com,EMEA,2024-06-28,Gold
CUST-6393,Denise Flores,lawsonruben@example.net,EMEA,2025-07-26,Platinum
CUST-6394,Steven Weiss,cjackson@example.net,APAC,2025-02-01,Bronze
CUST-6395,Jason Munoz,raymond12@example.com,EMEA,2025-05-13,Silver
CUST-6396,Cody Sanchez,dianewatson@example.com,LATAM,2024-04-03,Gold
CUST-6397,Fernando Smith,jason95@example.org,LATAM,2024-10-03,Platinum
CUST-6398,Janice Guzman,dakotaramirez@example.net,US,2026-04-22,Gold
CUST-6399,Rhonda Powers,bfleming@example.com,LATAM,2024-09-14,Bronze
CUST-6400,Christina Williams,rjimenez@example.com,US,2024-05-17,Platinum
CUST-6401,Jesse Guzman,byoung@example.com,US,2024-12-11,Gold
CUST-6402,Richard Johnston,buckjustin@example.com,LATAM,2024-03-17,Platinum
CUST-6403,Joseph Rose,deanna17@example.org,US,2024-04-29,Bronze
CUST-6404,Jennifer Turner,karen61@example.net,APAC,2024-01-11,Platinum
CUST-6405,Katherine Williams,heather77@example.net,EMEA,2026-02-17,Platinum
CUST-6406,Barbara Brooks,johnsonbrandon@example.org,US,2025-05-24,Platinum
CUST-6407,Wyatt Callahan,fperez@example.org,US,2025-01-11,Silver
CUST-6408,Robin Cabrera,villamiranda@example.com,LATAM,2024-02-10,Silver
CUST-6409,Amanda Williams,charles59@example.com,APAC,2023-11-20,Bronze
CUST-6410,Christopher Taylor,uwilson@example.org,LATAM,2026-01-15,Gold
CUST-6411,Stacy Church,qwalsh@example.org,EMEA,2024-06-14,Silver
CUST-6412,Cynthia Woods,ubray@example.net,LATAM,2026-01-28,Gold
CUST-6413,Mr. Ralph Dawson,angelica33@example.net,LATAM,2024-08-01,Gold
CUST-6414,Wesley Brown,santiagotaylor@example.com,APAC,2025-03-05,Platinum
CUST-6415,Brian Clark,kathleen47@example.net,EMEA,2025-01-04,Silver
CUST-6416,Jonathan Sloan,sabrinacruz@example.com,LATAM,2026-07-17,Gold
CUST-6417,Kayla Deleon,caseyhenderson@example.net,EMEA,2026-01-27,Gold
CUST-6418,Sergio Wong,stevenrodriguez@example.org,EMEA,2024-01-21,Gold
CUST-6419,Steven Lopez,alvarezalyssa@example.com,APAC,2024-02-14,Bronze
CUST-6420,Timothy Miller,zlewis@example.net,LATAM,2024-09-30,Platinum
CUST-6421,Gene Alexander,corey66@example.org,APAC,2024-01-15,Bronze
CUST-6422,James Wheeler,gstone@example.net,LATAM,2024-09-27,Bronze
CUST-6423,David Rodriguez,brownaustin@example.com,US,2025-08-12,Silver
CUST-6424,Joseph Hill,gmyers@example.org,APAC,2025-05-25,Platinum
CUST-6425,Sherry Adams,georgeharris@example.net,APAC,2024-05-30,Bronze
CUST-6426,Kyle Gross,lopezrebecca@example.net,EMEA,2024-06-16,Platinum
CUST-6427,Eric Knox,georgemaldonado@example.org,LATAM,2025-07-06,Platinum
CUST-6428,Steven Thomas,waderonnie@example.org,LATAM,2023-09-26,Platinum
CUST-6429,Dennis Jones,wheelertara@example.net,LATAM,2024-08-12,Gold
CUST-6430,Shane Kennedy,fuentesashley@example.com,US,2023-11-13,Bronze
CUST-6431,Kelly Jackson,kimberlygarcia@example.net,EMEA,2023-12-19,Silver
CUST-6432,John Bell,elizabeth45@example.com,US,2025-03-05,Platinum
CUST-6433,Harold Mckinney,rrodriguez@example.net,LATAM,2026-01-24,Gold
CUST-6434,Alicia Irwin,donnathomas@example.com,US,2026-01-12,Platinum
CUST-6435,Kenneth Dominguez,vhoward@example.org,LATAM,2024-11-23,Silver
CUST-6436,Troy Fowler,natalie87@example.net,EMEA,2025-01-30,Bronze
CUST-6437,Thomas Bailey,peter64@example.com,US,2024-05-10,Silver
CUST-6438,Kevin Miles,hamiltonspencer@example.com,US,2026-01-03,Bronze
CUST-6439,Wayne Porter,stevenhernandez@example.com,APAC,2024-07-09,Platinum
CUST-6440,Mary Torres,calvin40@example.com,LATAM,2024-05-04,Platinum
CUST-6441,Douglas Watkins,freemanadam@example.com,LATAM,2025-10-04,Silver
CUST-6442,April King,natasha88@example.org,APAC,2025-06-19,Silver
CUST-6443,Michelle Thomas,ryanhull@example.com,APAC,2024-07-17,Platinum
CUST-6444,John Gomez,ghenderson@example.com,US,2025-07-20,Platinum
CUST-6445,Linda Thompson,ushelton@example.net,APAC,2023-10-09,Gold
CUST-6446,Randall Wright,tspencer@example.com,LATAM,2025-08-01,Bronze
CUST-6447,Keith Fuller,nicholasliu@example.com,US,2025-12-17,Bronze
CUST-6448,Joseph Benson,taylor67@example.com,LATAM,2024-04-03,Platinum
CUST-6449,Julia Gaines,bernardrobert@example.org,LATAM,2025-10-13,Platinum
CUST-6450,Elizabeth Sanchez,david89@example.com,EMEA,2025-12-29,Platinum
CUST-6451,Ryan Martinez,fordkathryn@example.net,EMEA,2026-03-09,Platinum
CUST-6452,Anthony Brown,cookconnor@example.com,US,2026-08-02,Silver
CUST-6453,Melissa Lin,yangemily@example.net,EMEA,2025-06-26,Gold
CUST-6454,Meredith Black,rtaylor@example.net,US,2025-01-10,Platinum
CUST-6455,Elizabeth Collins,shaffercindy@example.org,LATAM,2025-02-14,Bronze
CUST-6456,Aaron Munoz,meyerjohn@example.org,US,2023-12-08,Gold
CUST-6457,Ross Wallace,howekevin@example.com,US,2026-06-07,Platinum
CUST-6458,Dr. Sarah Payne,nvillarreal@example.org,EMEA,2024-06-18,Silver
CUST-6459,Mark Lopez,georgeharmon@example.net,APAC,2024-10-22,Bronze
CUST-6460,John Roberts,haleytrevor@example.net,EMEA,2026-06-29,Gold
CUST-6461,James Marsh,bbutler@example.org,LATAM,2024-07-27,Platinum
CUST-6462,Jim Elliott,carpenteraustin@example.net,EMEA,2023-09-04,Silver
CUST-6463,Lisa Williams,sydney77@example.com,APAC,2025-10-29,Silver
CUST-6464,Christopher Mason,michaelmccarthy@example.com,US,2026-05-17,Platinum
CUST-6465,Carrie Hernandez,stephen24@example.net,LATAM,2024-09-22,Platinum
CUST-6466,James Hendricks,ebennett@example.net,US,2024-12-14,Gold
CUST-6467,Laura Pennington,david59@example.net,APAC,2025-02-21,Bronze
CUST-6468,Luis Powell,johnsonjessica@example.org,US,2026-03-16,Silver
CUST-6469,Brian Villa,omorris@example.net,APAC,2025-01-25,Bronze
CUST-6470,Ashley Gilmore,acampos@example.org,LATAM,2024-07-18,Silver
CUST-6471,David Johnson,alexandernicholas@example.net,LATAM,2026-04-16,Bronze
CUST-6472,Tammy Morris,ogray@example.net,LATAM,2025-02-04,Platinum
CUST-6473,Christina Henry,jeremiah26@example.net,LATAM,2023-09-22,Bronze
CUST-6474,Cheryl Perkins,harrislisa@example.org,LATAM,2025-12-28,Platinum
CUST-6475,Jason Payne,petersonfaith@example.net,US,2025-11-15,Bronze
CUST-6476,Kathleen Collier,wmason@example.net,LATAM,2024-03-27,Bronze
CUST-6477,Sarah Solis,ypatterson@example.org,APAC,2025-11-05,Bronze
CUST-6478,Bethany Holmes,wilsonjerry@example.net,LATAM,2025-03-07,Gold
CUST-6479,Alison Nicholson,sandra46@example.net,APAC,2023-10-28,Platinum
CUST-6480,Shane Moore,charles93@example.net,US,2024-08-15,Bronze
CUST-6481,Kathryn Ross,gardnerpatricia@example.net,LATAM,2024-05-22,Gold
CUST-6482,Thomas Baker,johnsonrobert@example.org,APAC,2026-02-05,Platinum
CUST-6483,Phillip Taylor,sandra03@example.com,APAC,2024-05-20,Silver
CUST-6484,Travis Strong,reedchad@example.com,US,2025-10-23,Platinum
CUST-6485,Lisa Miller,rpotts@example.net,US,2026-04-26,Silver
CUST-6486,Andrew Romero,ryan43@example.org,APAC,2026-02-08,Bronze
CUST-6487,Allison Casey,amandadalton@example.net,US,2024-08-18,Platinum
CUST-6488,Alicia Olson,scannon@example.org,EMEA,2025-05-06,Platinum
CUST-6489,Jeffery Taylor,nwilson@example.com,EMEA,2025-07-31,Bronze
CUST-6490,Greg Hull,jessechapman@example.org,LATAM,2025-03-06,Bronze
CUST-6491,Paul Morton,ritteralexis@example.net,EMEA,2025-11-08,Platinum
CUST-6492,Anthony Brown,cwhite@example.com,US,2024-12-22,Platinum
CUST-6493,Matthew Sanchez,david67@example.net,APAC,2024-12-21,Gold
CUST-6494,Billy Wright,troymoss@example.com,EMEA,2024-12-02,Bronze
CUST-6495,Shannon Wallace,shelly84@example.net,EMEA,2024-01-19,Platinum
CUST-6496,Steven Flores,brownrachel@example.net,LATAM,2024-04-05,Bronze
CUST-6497,Katelyn Miller,maureenmeyer@example.com,APAC,2024-06-08,Bronze
CUST-6498,Christine Watson,barryyoung@example.com,APAC,2025-06-03,Silver
CUST-6499,Jordan Wilson,rhuff@example.com,EMEA,2025-08-28,Bronze
CUST-6500,Elizabeth Hanna,ramirezchelsea@example.com,LATAM,2026-01-10,Platinum
CUST-6501,James Wallace,jamielopez@example.com,US,2026-03-17,Silver
CUST-6502,Mary Johnson,sharon95@example.com,US,2025-11-30,Platinum
CUST-6503,Leslie Todd,jessica96@example.com,US,2024-10-06,Platinum
CUST-6504,Tanya Goodwin,transtephanie@example.net,LATAM,2025-10-29,Platinum
CUST-6505,William Nichols,karmstrong@example.net,EMEA,2026-06-24,Bronze
CUST-6506,Tyler Mcdonald,davidsmith@example.net,APAC,2026-01-10,Silver
CUST-6507,Angela Wright,matthew60@example.net,US,2026-04-28,Gold
CUST-6508,Derrick King,martinezashley@example.com,US,2024-10-02,Platinum
CUST-6509,Sarah Wallace,gonzalessteven@example.com,APAC,2024-01-13,Bronze
CUST-6510,Dr. Daniel Brown,hillcheryl@example.com,US,2025-04-22,Gold
CUST-6511,Jessica Scott,jordan72@example.org,US,2025-12-11,Bronze
CUST-6512,Bridget Williamson,halldiamond@example.org,US,2024-08-14,Gold
CUST-6513,Shannon Riley,tranjeremy@example.net,LATAM,2025-10-09,Silver
CUST-6514,Vanessa Smith DVM,amber09@example.org,US,2026-01-17,Platinum
CUST-6515,Billy Wallace,youngmark@example.com,EMEA,2024-06-17,Platinum
CUST-6516,Melanie Jones,jliu@example.org,APAC,2023-11-30,Silver
CUST-6517,Richard Rogers,xmerritt@example.com,US,2025-02-16,Silver
CUST-6518,Elizabeth Johnson,bradley29@example.org,LATAM,2023-10-22,Gold
CUST-6519,Daniel Edwards,shelby69@example.org,APAC,2026-07-15,Gold
CUST-6520,Brittany Farmer,friedmansusan@example.org,US,2025-12-20,Bronze
CUST-6521,Yolanda Mccoy,hryan@example.net,APAC,2024-09-07,Silver
CUST-6522,Lisa Hopkins,mstewart@example.net,EMEA,2025-08-26,Silver
CUST-6523,David Sanchez,jerry51@example.net,EMEA,2025-02-23,Gold
CUST-6524,Nicholas Beard,christopher88@example.org,LATAM,2026-07-07,Platinum
CUST-6525,Martha Jacobs,ohartman@example.net,EMEA,2026-03-10,Silver
CUST-6526,Victoria Frost,kimberlyrussell@example.net,APAC,2025-12-13,Bronze
CUST-6527,Lisa Flynn,lee16@example.com,LATAM,2023-12-02,Gold
CUST-6528,Brittany Snyder,rachelwalter@example.org,US,2024-07-02,Silver
CUST-6529,Jason Cannon,inewton@example.org,EMEA,2025-09-22,Gold
CUST-6530,Allison Jackson,andersonmichelle@example.com,EMEA,2026-01-01,Silver
CUST-6531,Heather Morales,jenniferwilson@example.com,US,2025-09-05,Bronze
CUST-6532,Lisa Mcknight,jonessamantha@example.com,APAC,2023-12-18,Gold
CUST-6533,Lynn Yang,eroberts@example.net,LATAM,2024-09-15,Bronze
CUST-6534,Clifford Cannon,hernandezalan@example.net,US,2024-09-27,Silver
CUST-6535,Matthew Gray,uthompson@example.net,US,2026-05-11,Platinum
CUST-6536,Raymond Hall,kpeterson@example.net,LATAM,2026-01-11,Bronze
CUST-6537,Lauren Anthony,ymitchell@example.com,LATAM,2023-09-20,Bronze
CUST-6538,Tiffany Williams,russellramirez@example.net,EMEA,2025-07-19,Silver
CUST-6539,Gregory Martin,joshua73@example.org,EMEA,2023-10-06,Platinum
CUST-6540,Thomas Zhang,middletonelizabeth@example.org,APAC,2025-07-27,Gold
CUST-6541,Juan Romero,anthonyorr@example.net,US,2025-10-19,Gold
CUST-6542,Chloe Freeman,woodjuan@example.net,US,2024-01-25,Silver
CUST-6543,Jeremy Martinez,hphillips@example.net,EMEA,2024-04-02,Gold
CUST-6544,Sarah Wallace,fsnyder@example.org,EMEA,2025-08-15,Platinum
CUST-6545,Monique Wilson MD,garnerjeffrey@example.org,LATAM,2026-07-11,Silver
CUST-6546,Jonathon Hill,mannleroy@example.org,APAC,2023-12-25,Bronze
CUST-6547,Timothy Bauer,james80@example.net,LATAM,2025-03-14,Bronze
CUST-6548,Danielle Willis,emilybaker@example.org,LATAM,2026-04-12,Silver
CUST-6549,Mr. Jonathan Anderson,tapiamercedes@example.net,APAC,2026-03-10,Platinum
CUST-6550,Jeffrey Henry,jenniferwilliams@example.net,APAC,2026-05-20,Platinum
CUST-6551,James Silva,todd24@example.org,LATAM,2026-04-08,Platinum
CUST-6552,Mary Henry,iharper@example.com,LATAM,2026-02-24,Platinum
CUST-6553,Daniel Mccarty,robert75@example.org,LATAM,2025-08-27,Bronze
CUST-6554,Audrey Marshall,donna56@example.net,APAC,2025-10-27,Gold
CUST-6555,Stephen Larsen,rburke@example.org,US,2026-03-23,Silver
CUST-6556,Derek Lewis,xbrown@example.com,APAC,2024-04-29,Bronze
CUST-6557,Evan Myers,qcoleman@example.org,APAC,2026-07-30,Bronze
CUST-6558,Nicholas Morgan,parkerrobert@example.net,APAC,2025-07-06,Bronze
CUST-6559,Kimberly Chan,gouldchristina@example.com,EMEA,2026-03-08,Silver
CUST-6560,Joshua Clements,langchristopher@example.net,APAC,2025-12-25,Gold
CUST-6561,Harold Miranda,penaapril@example.com,EMEA,2026-04-18,Silver
CUST-6562,Victoria Massey,oheath@example.com,US,2026-02-28,Silver
CUST-6563,Susan Rivera,angelawright@example.org,US,2025-05-19,Platinum
CUST-6564,Alejandro Bentley,masonlacey@example.org,US,2025-05-16,Silver
CUST-6565,Eric Hall,arthurbrady@example.com,APAC,2024-01-28,Platinum
CUST-6566,Bonnie Yang,michelle11@example.net,LATAM,2025-08-30,Platinum
CUST-6567,Pamela Perry,newtonamber@example.org,APAC,2026-04-05,Bronze
CUST-6568,Kevin Myers,kristen68@example.net,APAC,2024-12-21,Silver
CUST-6569,Donald Harris,tanya97@example.com,LATAM,2023-10-28,Platinum
CUST-6570,Brandon Rasmussen,timothy88@example.org,US,2023-11-04,Bronze
CUST-6571,Willie Luna,kathryn17@example.org,LATAM,2026-08-04,Platinum
CUST-6572,Allison Wise,kwood@example.org,EMEA,2024-04-10,Silver
CUST-6573,Evelyn Pacheco,davisgary@example.com,LATAM,2024-02-01,Bronze
CUST-6574,Angela Powell,kmills@example.org,EMEA,2024-01-28,Silver
CUST-6575,Johnny Jenkins,mary05@example.net,APAC,2024-07-29,Bronze
CUST-6576,Jennifer Smith,karinorton@example.net,EMEA,2025-08-12,Gold
CUST-6577,Dr. David Murray MD,morseronald@example.org,APAC,2026-04-15,Bronze
CUST-6578,Peter Martin,martinsamuel@example.org,EMEA,2024-02-01,Gold
CUST-6579,Jeff Jackson,jtaylor@example.com,US,2024-10-15,Gold
CUST-6580,Edward Graham,jennifer48@example.com,EMEA,2025-04-02,Silver
CUST-6581,Jacqueline Santos,kellycohen@example.net,APAC,2025-06-02,Gold
CUST-6582,Jacqueline Munoz,vford@example.net,US,2025-03-27,Silver
CUST-6583,Sarah Taylor,asmith@example.org,EMEA,2024-07-30,Gold
CUST-6584,Austin Rowland,jacqueline31@example.net,US,2026-04-24,Silver
CUST-6585,Brandon Weber,carlfields@example.org,LATAM,2026-02-02,Bronze
CUST-6586,Adrian Lee,lori69@example.net,LATAM,2026-08-30,Gold
CUST-6587,Marcus Powell,ann31@example.net,APAC,2024-11-05,Bronze
CUST-6588,Nicholas Ramirez,anne28@example.net,LATAM,2024-10-06,Gold
CUST-6589,Janet Johnston,tammy97@example.org,US,2024-06-11,Platinum
CUST-6590,Richard Hays,noblechristina@example.org,EMEA,2025-11-30,Gold
CUST-6591,Shannon Morris,taylorlindsay@example.com,LATAM,2023-11-14,Platinum
CUST-6592,Erin Mason,allenphillip@example.com,APAC,2024-10-24,Bronze
CUST-6593,Heather Roberson,alyssa93@example.org,LATAM,2024-02-23,Silver
CUST-6594,Sandra Dawson,fcastro@example.net,APAC,2024-08-08,Silver
CUST-6595,Melissa Grant,lpearson@example.org,LATAM,2025-02-15,Bronze
CUST-6596,Savannah Townsend,jessica39@example.net,US,2026-01-15,Bronze
CUST-6597,Tammie Lee,harold03@example.com,APAC,2024-04-10,Bronze
CUST-6598,Cory Willis,clinton54@example.net,LATAM,2023-10-02,Gold
CUST-6599,Lisa Johnson,darlene60@example.net,LATAM,2025-01-26,Silver
CUST-6600,Denise Brown,roysara@example.net,LATAM,2026-03-01,Bronze
CUST-6601,Katherine Wells,johnsonanthony@example.net,US,2024-09-25,Platinum
CUST-6602,Noah Pitts,christopherflowers@example.org,US,2025-01-21,Bronze
CUST-6603,Mark Brown,hodgejoshua@example.org,US,2023-11-26,Gold
CUST-6604,Nancy Cook,rachael29@example.net,EMEA,2025-02-09,Bronze
CUST-6605,Kelli Shepard,qbutler@example.net,EMEA,2024-07-22,Silver
CUST-6606,Corey Juarez,jessicamiller@example.com,US,2025-05-01,Platinum
CUST-6607,Lee Barker,vthompson@example.org,US,2024-04-13,Bronze
CUST-6608,Justin Wilson,scarroll@example.org,LATAM,2026-01-10,Gold
CUST-6609,Julie Wilson,whitechristopher@example.com,EMEA,2023-10-07,Silver
CUST-6610,Tracy Wang,robinsonnicholas@example.org,APAC,2024-11-15,Gold
CUST-6611,Terri Parker,julierojas@example.com,LATAM,2024-05-17,Bronze
CUST-6612,Michael Thompson,annettegutierrez@example.org,US,2025-06-12,Platinum
CUST-6613,Curtis Krause,heidi41@example.com,LATAM,2025-01-02,Silver
CUST-6614,Jack Barton,rgallegos@example.org,LATAM,2026-07-13,Gold
CUST-6615,Ruben Cruz,victoriahamilton@example.net,EMEA,2025-08-03,Silver
CUST-6616,Rebecca Clark,christopher34@example.org,EMEA,2025-10-05,Silver
CUST-6617,Andre Wilson,thomasmcdonald@example.com,EMEA,2024-10-27,Bronze
CUST-6618,James Chapman,morrisdaniel@example.com,APAC,2025-05-07,Silver
CUST-6619,Aimee Fisher,matthew12@example.com,LATAM,2026-04-13,Gold
CUST-6620,John Lopez,gonzaleschristina@example.net,APAC,2025-03-01,Silver
CUST-6621,Jessica Ross,johnnybrooks@example.com,APAC,2025-04-18,Gold
CUST-6622,Mr. Andrew Hickman,kathrynsantana@example.net,APAC,2024-05-04,Gold
CUST-6623,Jeffery Adams,kwatkins@example.net,US,2024-09-02,Platinum
CUST-6624,Eric Carlson,stephaniebradley@example.org,APAC,2023-11-20,Platinum
CUST-6625,Gary Choi,parkerkatie@example.com,LATAM,2024-01-06,Silver
CUST-6626,Christopher Smith,jamesjackson@example.com,EMEA,2026-05-15,Silver
CUST-6627,David Harris,ramseyeric@example.net,US,2023-11-17,Gold
CUST-6628,Jacqueline Woods,cory86@example.net,LATAM,2025-11-15,Bronze
CUST-6629,John Bennett,wmccarthy@example.org,LATAM,2024-07-24,Gold
CUST-6630,Fernando Mcconnell,smejia@example.net,EMEA,2024-05-02,Gold
CUST-6631,Jessica Long,reedelizabeth@example.net,APAC,2024-08-26,Silver
CUST-6632,Stephen Thompson,mikemorgan@example.org,EMEA,2023-10-01,Bronze
CUST-6633,Nicole Melendez,devinlopez@example.org,EMEA,2025-07-12,Platinum
CUST-6634,Brandon Cruz,ronaldmitchell@example.com,LATAM,2024-03-30,Gold
CUST-6635,Karen Green,zwhite@example.net,EMEA,2024-08-03,Gold
CUST-6636,Ashley Drake,gina16@example.org,LATAM,2026-09-01,Platinum
CUST-6637,Carl Hunter,psmith@example.net,EMEA,2023-10-07,Silver
CUST-6638,Raymond Turner,judy19@example.com,APAC,2024-10-05,Silver
CUST-6639,Priscilla Joseph,daniel26@example.net,APAC,2023-10-12,Platinum
CUST-6640,Sheila Miller,rogerssarah@example.net,US,2025-05-14,Bronze
CUST-6641,Jose Mendez,dgraham@example.com,US,2026-04-04,Platinum
CUST-6642,Sean Stevens,smallgina@example.com,US,2025-09-08,Silver
CUST-6643,Michael Wang,danielsguy@example.com,US,2025-08-10,Silver
CUST-6644,Jeremy Evans,larsonmichael@example.org,US,2026-06-20,Gold
CUST-6645,Jennifer Thompson,martinezduane@example.com,EMEA,2024-04-08,Platinum
CUST-6646,Donald Bonilla,samanthaberger@example.net,APAC,2025-09-30,Platinum
CUST-6647,Laura Williams,nathan29@example.net,LATAM,2025-12-23,Bronze
CUST-6648,Sonia Reyes,morgandana@example.com,LATAM,2026-03-29,Bronze
CUST-6649,Alex Clements,jennifer16@example.org,APAC,2026-01-23,Platinum
CUST-6650,Laura Cooley,heatherwilliams@example.net,US,2025-02-24,Platinum
CUST-6651,Philip Kim,joshuapowers@example.net,US,2024-10-20,Gold
CUST-6652,Christopher Mitchell,russellandrew@example.com,EMEA,2026-03-31,Bronze
CUST-6653,Denise Ford,colton30@example.net,LATAM,2025-01-03,Platinum
CUST-6654,Arthur Roberts,omatthews@example.net,EMEA,2025-04-25,Bronze
CUST-6655,James Spears,cooperluis@example.com,US,2025-05-07,Gold
CUST-6656,Scott Porter,emilyscott@example.org,EMEA,2024-02-02,Bronze
CUST-6657,Laura Miller,whoffman@example.org,APAC,2024-06-29,Silver
CUST-6658,William Wood,karen77@example.org,EMEA,2025-09-29,Gold
CUST-6659,Kevin Weber,wperry@example.org,APAC,2024-05-22,Silver
CUST-6660,Diane Manning,nicholasmedina@example.com,LATAM,2024-04-19,Bronze
CUST-6661,Sarah Davis,jasonrodriguez@example.com,APAC,2025-08-21,Gold
CUST-6662,Christopher Waters,wpierce@example.org,US,2025-11-05,Platinum
CUST-6663,Kyle Flores,crystal58@example.net,US,2025-12-01,Bronze
CUST-6664,Courtney Powell,cmitchell@example.org,US,2025-09-09,Silver
CUST-6665,Cassandra Roberts,kathryn21@example.com,EMEA,2026-07-07,Bronze
CUST-6666,Jennifer Barnes,danamontgomery@example.org,APAC,2026-07-22,Platinum
CUST-6667,Kathy Miller,udougherty@example.net,US,2026-03-10,Gold
CUST-6668,Keith Kennedy,craneandrew@example.net,US,2023-10-01,Gold
CUST-6669,Martha Arnold,melissamartin@example.com,LATAM,2024-02-03,Bronze
CUST-6670,Cynthia Kennedy,marcuscarter@example.org,LATAM,2024-10-20,Silver
CUST-6671,Joel Sanchez,yfritz@example.org,APAC,2025-04-21,Bronze
CUST-6672,Kathryn Rodriguez,monica23@example.com,LATAM,2025-03-27,Platinum
CUST-6673,Andrea Goodman,ecamacho@example.com,EMEA,2024-05-27,Gold
CUST-6674,Jason Green,baldwincatherine@example.net,EMEA,2025-07-24,Platinum
CUST-6675,Jessica Carey,carterraymond@example.net,EMEA,2025-02-18,Silver
CUST-6676,Heidi Moran,hpatterson@example.org,EMEA,2024-11-07,Platinum
CUST-6677,Dennis Bryan,bowenmichael@example.net,LATAM,2025-07-07,Silver
CUST-6678,Thomas Pope,josephrivera@example.net,APAC,2025-04-11,Bronze
CUST-6679,Steven Vasquez,katherinepeterson@example.net,APAC,2026-06-08,Bronze
CUST-6680,Richard Lyons,brooke22@example.net,LATAM,2025-02-21,Bronze
CUST-6681,Daniel Wood,jennifer42@example.net,LATAM,2024-07-13,Silver
CUST-6682,Karen Gonzales,eric22@example.net,EMEA,2025-05-07,Silver
CUST-6683,James Walsh,rosalesbrandy@example.org,APAC,2024-08-13,Bronze
CUST-6684,Deanna Griffith,kwoods@example.com,APAC,2025-12-28,Bronze
CUST-6685,Laurie Mason,nicholas72@example.net,US,2025-01-19,Bronze
CUST-6686,Mr. James Barnett,petersonkyle@example.org,US,2026-01-22,Silver
CUST-6687,Lee Daniel,santosmichael@example.com,APAC,2024-09-27,Bronze
CUST-6688,Margaret Smith,judithcox@example.org,US,2023-12-07,Platinum
CUST-6689,Brett Rivera,nelsonsuzanne@example.net,US,2025-01-11,Gold
CUST-6690,Angela Yates,pknight@example.org,EMEA,2024-07-02,Platinum
CUST-6691,Patrick Norris,jeremylove@example.org,APAC,2024-04-29,Platinum
CUST-6692,Lee Arnold,pauljessica@example.org,LATAM,2026-06-03,Bronze
CUST-6693,Brandi Turner,jeremywillis@example.net,APAC,2025-03-17,Platinum
CUST-6694,Brett Keith,florescynthia@example.org,LATAM,2025-07-29,Gold
CUST-6695,Jeremy Alvarez,danielsjason@example.com,EMEA,2026-03-19,Silver
CUST-6696,Adam Jordan,cortezscott@example.net,APAC,2024-07-28,Gold
CUST-6697,Robert Mendez,qgay@example.com,EMEA,2024-09-12,Platinum
CUST-6698,Katherine Thompson,ppalmer@example.com,APAC,2025-09-28,Silver
CUST-6699,Joseph Peterson,connie12@example.com,LATAM,2024-12-25,Platinum
CUST-6700,Steven Hicks,emartin@example.com,US,2024-07-01,Bronze
CUST-6701,Anna Atkins,dana82@example.org,EMEA,2023-12-09,Bronze
CUST-6702,Pamela Lewis,luke87@example.org,APAC,2026-02-27,Platinum
CUST-6703,Tanya Clark,mariolee@example.com,APAC,2026-01-24,Gold
CUST-6704,Sarah Bishop,markblack@example.com,EMEA,2026-02-12,Bronze
CUST-6705,Rachel Chan,jeremy47@example.com,US,2024-12-31,Gold
CUST-6706,Eric Acosta,shannon69@example.com,US,2025-01-01,Bronze
CUST-6707,Abigail Case,schmittmichael@example.org,LATAM,2024-12-04,Gold
CUST-6708,Pamela Smith,jasonmoran@example.com,US,2024-03-25,Gold
CUST-6709,Allison Simmons,jnguyen@example.net,EMEA,2024-07-02,Gold
CUST-6710,Daniel Shaw,daniel32@example.com,EMEA,2025-02-21,Platinum
CUST-6711,Teresa Watkins,harringtonpeter@example.net,LATAM,2024-01-19,Gold
CUST-6712,Mr. Lawrence Brooks,brownmatthew@example.net,LATAM,2024-08-08,Bronze
CUST-6713,Thomas Rodriguez,nicolejones@example.net,APAC,2025-10-08,Gold
CUST-6714,Christian Hernandez,audrey81@example.com,US,2026-07-28,Bronze
CUST-6715,Kenneth Farmer,angela40@example.org,APAC,2024-10-30,Silver
CUST-6716,Andrea Hartman,susan57@example.net,EMEA,2026-07-10,Bronze
CUST-6717,Cathy Mcdonald,mcox@example.net,EMEA,2026-03-02,Bronze
CUST-6718,Deanna Munoz,taylordawn@example.com,LATAM,2023-12-18,Silver
CUST-6719,John Williams,durhamwilliam@example.org,APAC,2025-02-25,Bronze
CUST-6720,Whitney Moyer,kristy74@example.net,APAC,2026-02-12,Bronze
CUST-6721,Austin Jones,mccannkimberly@example.net,APAC,2024-02-04,Silver
CUST-6722,Jose York,mbishop@example.org,EMEA,2026-06-07,Silver
CUST-6723,Jessica Hill,vpreston@example.org,APAC,2025-03-27,Silver
CUST-6724,Angel Holland,shawn60@example.com,APAC,2026-07-13,Gold
CUST-6725,Abigail Clayton,smithmarcus@example.org,EMEA,2026-03-12,Platinum
CUST-6726,Daniel Craig,amanda39@example.com,LATAM,2024-02-12,Silver
CUST-6727,Michelle Ray,kendraharris@example.org,US,2025-01-18,Silver
CUST-6728,Joseph Blackburn,chanamber@example.org,APAC,2024-03-02,Silver
CUST-6729,Ethan Hall,jamesmartin@example.com,LATAM,2026-06-13,Silver
CUST-6730,Thomas Barton,taylorrachel@example.com,LATAM,2024-11-25,Bronze
CUST-6731,Travis Johnson,omargriffin@example.com,LATAM,2025-06-24,Bronze
CUST-6732,Ray Lawrence,davisgregory@example.net,LATAM,2023-11-10,Platinum
CUST-6733,Barbara Sherman,shepardjoy@example.com,LATAM,2025-03-30,Gold
CUST-6734,Emily Lee,marshmichael@example.com,EMEA,2025-07-01,Silver
CUST-6735,Theresa Smith,zlara@example.org,EMEA,2024-11-13,Silver
CUST-6736,Tracy Copeland,pbautista@example.com,EMEA,2024-11-18,Gold
CUST-6737,Michael Santos,bliu@example.com,EMEA,2025-12-30,Gold
CUST-6738,Stephanie Williams,gregorysmith@example.net,EMEA,2026-01-29,Silver
CUST-6739,Michael Farmer,carlsonjason@example.net,US,2024-04-22,Gold
CUST-6740,Jacqueline Perry,robertthompson@example.net,LATAM,2025-04-28,Silver
CUST-6741,Natalie Patrick,michaelbuckley@example.org,APAC,2025-01-22,Bronze
CUST-6742,Damon Powell,regina49@example.com,EMEA,2023-10-18,Platinum
CUST-6743,Alexander Johnson,jjohnson@example.com,LATAM,2026-06-27,Gold
CUST-6744,James George,ericsmith@example.org,EMEA,2026-01-01,Gold
CUST-6745,William Rodriguez,amarshall@example.net,EMEA,2025-10-21,Bronze
CUST-6746,Scott Pacheco,collinsterrance@example.com,APAC,2024-07-12,Silver
CUST-6747,Matthew Diaz,woodskaitlyn@example.net,EMEA,2023-11-19,Platinum
CUST-6748,Daniel Anderson,jeremiahmiller@example.org,US,2026-05-25,Gold
CUST-6749,Diane Gilbert,jeremylopez@example.net,US,2024-09-03,Bronze
CUST-6750,Michael Murray,kathleen25@example.com,APAC,2024-04-08,Gold
CUST-6751,Charles Doyle,adkinslauren@example.net,EMEA,2023-10-01,Gold
CUST-6752,Craig White,cynthiaconley@example.org,EMEA,2025-02-22,Bronze
CUST-6753,Frank Armstrong,mmathews@example.net,APAC,2024-11-14,Platinum
CUST-6754,Tricia Sullivan,shawnbaker@example.com,APAC,2024-09-27,Platinum
CUST-6755,Douglas Mack,matthew24@example.com,EMEA,2026-05-30,Platinum
CUST-6756,Katherine Dunn,barnettmatthew@example.net,US,2024-05-13,Gold
CUST-6757,Richard Simmons,oconnelldavid@example.org,APAC,2024-06-12,Gold
CUST-6758,Sandra Martinez,david54@example.com,EMEA,2026-05-13,Bronze
CUST-6759,William Miller,raymondpugh@example.net,APAC,2023-09-21,Gold
CUST-6760,Ryan Walker,gonzalezjulie@example.net,US,2024-12-10,Silver
CUST-6761,Brittany Heath,mcbridemichael@example.org,EMEA,2024-02-07,Gold
CUST-6762,Yolanda Jackson,craigmartin@example.net,LATAM,2025-03-14,Bronze
CUST-6763,Courtney Arias,amberfriedman@example.com,EMEA,2025-12-21,Silver
CUST-6764,Diana Haley,hphillips@example.com,US,2024-10-06,Silver
CUST-6765,Julie Taylor,aaron48@example.net,LATAM,2025-07-16,Silver
CUST-6766,Thomas Austin,brownrobert@example.org,APAC,2024-07-14,Gold
CUST-6767,Mr. William Bray,petermoore@example.com,APAC,2026-06-21,Bronze
CUST-6768,Corey Flowers,perezstacy@example.org,US,2025-12-23,Gold
CUST-6769,Becky Singh,jamiethomas@example.com,EMEA,2024-09-23,Bronze
CUST-6770,Alexandra Wilson,alexandria97@example.org,LATAM,2025-01-20,Bronze
CUST-6771,Elizabeth Martinez,whernandez@example.net,EMEA,2024-06-15,Silver
CUST-6772,Dillon Travis,qmassey@example.org,APAC,2024-12-13,Bronze
CUST-6773,Jessica Jackson,oblake@example.net,LATAM,2024-04-18,Platinum
CUST-6774,Zachary Morrison,john76@example.com,EMEA,2025-07-24,Bronze
CUST-6775,Brian Carrillo,rebecca85@example.com,LATAM,2024-05-04,Bronze
CUST-6776,Danielle Kelly,garcialinda@example.org,EMEA,2024-07-28,Platinum
CUST-6777,Connie Hamilton,dalton78@example.net,APAC,2024-02-24,Bronze
CUST-6778,Jamie Stone,gwilliams@example.net,EMEA,2025-03-16,Gold
CUST-6779,Maria Garcia,wilsonkathryn@example.com,APAC,2025-01-04,Platinum
CUST-6780,Michelle Munoz,chiggins@example.com,APAC,2025-08-16,Silver
CUST-6781,Jessica Murray,bentleylisa@example.net,APAC,2026-03-20,Bronze
CUST-6782,Jessica Odonnell,ashleyjohnson@example.com,US,2025-10-18,Bronze
CUST-6783,Thomas Pham,qatkinson@example.com,US,2025-12-21,Bronze
CUST-6784,Hailey Beltran,joshuabowers@example.com,LATAM,2025-06-14,Platinum
CUST-6785,William Baker,jasontownsend@example.net,US,2025-08-06,Bronze
CUST-6786,Natalie Mullins,megangates@example.com,LATAM,2024-03-02,Bronze
CUST-6787,Joshua Trujillo,leslietorres@example.net,LATAM,2024-05-29,Bronze
CUST-6788,Jared Howell,katherineharris@example.net,LATAM,2024-05-02,Platinum
CUST-6789,Mr. Jeffrey Ward,susanmorris@example.org,EMEA,2023-10-24,Silver
CUST-6790,Eric Hunter,katherine82@example.com,US,2025-07-27,Platinum
CUST-6791,Angela Davis,jphelps@example.net,US,2024-11-14,Silver
CUST-6792,Hector Anderson,vgarcia@example.com,US,2025-05-28,Silver
CUST-6793,Tricia Nguyen,scottwilliams@example.net,APAC,2023-12-02,Gold
CUST-6794,Willie Johnson,marthalucero@example.org,US,2026-06-02,Gold
CUST-6795,Jessica Cain,alexandersanchez@example.org,EMEA,2026-05-13,Gold
CUST-6796,Karen Gonzales,robertabbott@example.net,APAC,2025-07-20,Gold
CUST-6797,Kenneth Barrera,tfrancis@example.com,EMEA,2024-07-22,Platinum
CUST-6798,Deborah Wood,lukekelly@example.net,EMEA,2025-04-17,Silver
CUST-6799,Scott Andersen,laurariley@example.org,APAC,2024-11-22,Platinum
CUST-6800,Dr. Katie Alvarez,daniel93@example.net,EMEA,2025-09-02,Bronze
CUST-6801,Michael Bray,stevenandrews@example.org,EMEA,2026-02-28,Silver
CUST-6802,Jeffrey Garza,bentongeorge@example.net,EMEA,2024-08-07,Platinum
CUST-6803,Matthew Huang,jdillon@example.org,US,2025-10-24,Bronze
CUST-6804,Ana Higgins,stacey09@example.com,APAC,2025-07-10,Silver
CUST-6805,Phillip Anderson,clewis@example.com,APAC,2026-06-21,Bronze
CUST-6806,Megan Rivera,ithomas@example.net,APAC,2026-01-16,Platinum
CUST-6807,Shari Arellano,josephmichael@example.org,US,2024-06-07,Bronze
CUST-6808,Andrea Brown,ucross@example.org,APAC,2023-12-01,Gold
CUST-6809,Kyle Blake,maryjohnson@example.com,EMEA,2024-11-08,Gold
CUST-6810,Evelyn Davis,rberry@example.com,US,2024-09-07,Gold
CUST-6811,Jane Wells,isaac45@example.org,US,2026-02-19,Platinum
CUST-6812,Sherry Porter,jorgegonzalez@example.com,US,2024-07-22,Gold
CUST-6813,Miss Gina Walton,andrew90@example.net,LATAM,2025-10-10,Platinum
CUST-6814,Jake Jackson,smithpaul@example.org,EMEA,2025-11-22,Gold
CUST-6815,Laura Brooks,sosajacob@example.net,LATAM,2025-05-25,Platinum
CUST-6816,Mr. William Davis DDS,carolberry@example.com,US,2023-12-29,Gold
CUST-6817,Sheryl Thompson,lisawallace@example.net,US,2026-03-02,Bronze
CUST-6818,Joshua Rubio,aguirrelarry@example.com,US,2023-11-10,Bronze
CUST-6819,Michael Lawrence,racheljimenez@example.net,LATAM,2025-09-01,Gold
CUST-6820,Louis Rogers,jmcfarland@example.com,APAC,2026-02-02,Gold
CUST-6821,Terry Barnett,morganmichael@example.org,EMEA,2023-12-30,Gold
CUST-6822,Katherine Bauer,howardsabrina@example.com,EMEA,2024-05-26,Silver
CUST-6823,Susan Zimmerman,abbottchristopher@example.net,APAC,2024-08-01,Platinum
CUST-6824,Joseph Andrews,psherman@example.org,APAC,2024-10-08,Bronze
CUST-6825,Chad Gallagher,sheryl66@example.com,LATAM,2024-03-08,Bronze
CUST-6826,John Henry,anna96@example.com,EMEA,2026-08-19,Silver
CUST-6827,Dr. Dustin Sutton Jr.,lopezchristopher@example.net,APAC,2024-03-11,Gold
CUST-6828,Laura Thompson,jocelyn80@example.org,EMEA,2024-05-15,Platinum
CUST-6829,Janice Bell,colongabrielle@example.com,APAC,2025-05-31,Platinum
CUST-6830,Kelly Thompson,erin03@example.org,EMEA,2025-07-23,Silver
CUST-6831,Cody Walker,charles37@example.org,US,2024-12-11,Bronze
CUST-6832,Lisa Williams,sharris@example.org,US,2026-07-12,Bronze
CUST-6833,Abigail Allen,tracey63@example.com,EMEA,2025-09-21,Silver
CUST-6834,Jennifer Moore,christyscott@example.com,US,2026-07-18,Silver
CUST-6835,Michelle Barrera,jamie46@example.net,LATAM,2024-02-24,Platinum
CUST-6836,Rodney Bennett,lisafreeman@example.net,LATAM,2026-07-06,Platinum
CUST-6837,Michael Williams,sanderson@example.org,EMEA,2025-12-03,Gold
CUST-6838,Brian Moore,ijones@example.com,LATAM,2024-01-11,Gold
CUST-6839,Patrick Moses,smitchell@example.com,US,2024-12-30,Bronze
CUST-6840,Deborah Juarez,mcarson@example.org,EMEA,2025-12-11,Gold
CUST-6841,Kathleen Martinez,harrisondaniel@example.org,US,2025-09-09,Platinum
CUST-6842,James Miller,allenchristina@example.com,LATAM,2025-09-07,Gold
CUST-6843,Jessica Hammond,kaylahardy@example.org,US,2025-11-01,Gold
CUST-6844,Tiffany Peterson,sandra57@example.org,EMEA,2026-05-12,Platinum
CUST-6845,Amy James,william32@example.net,APAC,2026-03-09,Platinum
CUST-6846,Matthew Gonzales,pjones@example.net,US,2023-12-24,Platinum
CUST-6847,Kristin Thomas,brian16@example.net,LATAM,2026-04-11,Gold
CUST-6848,Lisa Jackson,mitchell21@example.net,US,2023-11-05,Silver
CUST-6849,James Hart,hmack@example.org,APAC,2024-07-07,Silver
CUST-6850,Amanda Gardner,banksrenee@example.net,EMEA,2024-02-20,Bronze
CUST-6851,Diane Jensen,pkent@example.net,EMEA,2024-12-13,Gold
CUST-6852,David Baird DDS,jcalhoun@example.com,LATAM,2026-08-26,Silver
CUST-6853,Heather Thomas,sylviaprice@example.com,APAC,2025-06-26,Bronze
CUST-6854,Isabel Smith,douglas76@example.net,LATAM,2023-09-30,Bronze
CUST-6855,Sarah Archer,marygomez@example.com,APAC,2025-06-04,Gold
CUST-6856,Jason Quinn,dfarley@example.com,EMEA,2025-09-18,Silver
CUST-6857,Maurice Anderson,johnmarquez@example.net,US,2023-11-20,Gold
CUST-6858,Shane Hopkins,rachel86@example.com,APAC,2024-03-02,Gold
CUST-6859,Cindy Thomas,danielsshaun@example.net,EMEA,2024-12-14,Platinum
CUST-6860,Curtis Morgan,donnagiles@example.com,EMEA,2025-06-29,Platinum
CUST-6861,Jeremy Benson,lbradley@example.com,LATAM,2025-03-16,Gold
CUST-6862,Miss Patricia Davidson,edwardstewart@example.org,EMEA,2024-03-28,Bronze
CUST-6863,Bianca Velazquez,cheryl98@example.net,US,2025-04-09,Bronze
CUST-6864,Amanda Davis,milleralan@example.org,US,2026-08-03,Gold
CUST-6865,Brandon Huynh,james23@example.com,APAC,2025-12-15,Bronze
CUST-6866,Heidi Blankenship,talvarez@example.org,US,2023-09-10,Gold
CUST-6867,Brian Hoffman,frankwilson@example.net,US,2024-09-04,Silver
CUST-6868,Justin Fuller,hannah31@example.net,LATAM,2025-07-28,Platinum
CUST-6869,Susan Davis,taylorparker@example.com,US,2024-07-07,Silver
CUST-6870,Randall Willis,sarah99@example.org,APAC,2025-05-14,Silver
CUST-6871,Alejandro Vasquez,nicole15@example.org,US,2024-08-02,Bronze
CUST-6872,Marcus Byrd,danieldonovan@example.net,EMEA,2025-04-15,Silver
CUST-6873,Mark Carter,gomeztonya@example.com,EMEA,2025-09-13,Gold
CUST-6874,Steven Butler,michaelking@example.net,EMEA,2025-01-23,Platinum
CUST-6875,Joseph Moon,kflores@example.org,APAC,2026-07-24,Bronze
CUST-6876,Melody Baker,rmorgan@example.net,LATAM,2024-01-14,Bronze
CUST-6877,Mary Hopkins MD,andersontiffany@example.net,US,2026-05-10,Silver
CUST-6878,Kenneth Turner,rebeccajames@example.org,EMEA,2025-10-12,Platinum
CUST-6879,Debra Brooks,linda66@example.net,LATAM,2026-05-14,Silver
CUST-6880,Tommy Ball,tracyadams@example.com,US,2026-05-08,Gold
CUST-6881,Angela Wade,michelle10@example.org,EMEA,2026-03-24,Silver
CUST-6882,Ashley Jones,calvin93@example.org,LATAM,2025-06-02,Gold
CUST-6883,Alexandra Smith,molly91@example.org,EMEA,2024-03-18,Gold
CUST-6884,Tracie Costa,kristi19@example.org,EMEA,2025-02-18,Bronze
CUST-6885,Charles Hardin,lopezjennifer@example.org,APAC,2024-03-11,Silver
CUST-6886,Rickey Hall,lovepaul@example.net,US,2026-08-22,Platinum
CUST-6887,Karen Gonzalez,ljacobs@example.com,EMEA,2024-10-08,Platinum
CUST-6888,Michael Hancock,ramoswilliam@example.org,EMEA,2024-06-20,Platinum
CUST-6889,Craig Thomas,hollywarner@example.org,US,2023-09-11,Gold
CUST-6890,Samuel Avila,franciscoreid@example.net,LATAM,2026-04-04,Platinum
CUST-6891,Jason Davidson,ronaldsummers@example.net,EMEA,2024-09-08,Bronze
CUST-6892,Adam Zamora,juan21@example.org,APAC,2024-03-17,Platinum
CUST-6893,Gregory Quinn,wmiller@example.net,APAC,2025-04-06,Bronze
CUST-6894,William Craig,brianna59@example.net,LATAM,2025-06-15,Bronze
CUST-6895,Laura Acosta,shannon75@example.com,LATAM,2026-01-12,Bronze
CUST-6896,John Gardner,jeremyjackson@example.net,LATAM,2024-12-18,Silver
CUST-6897,John Murray,dford@example.com,APAC,2025-09-11,Gold
CUST-6898,Oscar Cruz,markskristina@example.com,APAC,2024-10-24,Bronze
CUST-6899,Lynn Ross MD,edwardshah@example.org,EMEA,2024-05-24,Bronze
CUST-6900,James Hernandez,james76@example.org,EMEA,2024-07-06,Gold
CUST-6901,Tyler Dunn,jameslawson@example.com,US,2026-02-12,Gold
CUST-6902,Travis Moore,gomezdaniel@example.com,US,2025-03-01,Bronze
CUST-6903,Lisa Thomas,alara@example.com,EMEA,2023-10-05,Silver
CUST-6904,Eric Moore,gabriella69@example.org,US,2023-10-07,Gold
CUST-6905,Kendra Peterson,lindsay25@example.net,US,2025-10-10,Platinum
CUST-6906,Amy West,usanchez@example.net,US,2024-06-09,Bronze
CUST-6907,Shane Edwards,jbuchanan@example.com,LATAM,2024-01-27,Gold
CUST-6908,Erin Lee,tammyharrington@example.net,APAC,2026-03-22,Bronze
CUST-6909,Crystal Watkins,lisawright@example.net,LATAM,2026-01-29,Bronze
CUST-6910,Alec Dixon,cruzeddie@example.com,LATAM,2023-09-26,Bronze
CUST-6911,John Morrison,carl63@example.com,LATAM,2024-10-19,Gold
CUST-6912,Helen Strickland,owright@example.org,LATAM,2025-12-29,Platinum
CUST-6913,Roger Olson,kristenfrye@example.com,LATAM,2026-04-17,Gold
CUST-6914,Miss Kimberly Holloway,susanharper@example.org,LATAM,2024-03-28,Bronze
CUST-6915,Antonio Dyer,john66@example.net,LATAM,2023-09-20,Platinum
CUST-6916,Alexandra Green,kennethjohnson@example.net,EMEA,2023-11-28,Bronze
CUST-6917,Angela Marshall,seanreyes@example.org,APAC,2024-04-13,Bronze
CUST-6918,Olivia Rodriguez,stephen39@example.com,EMEA,2025-07-16,Silver
CUST-6919,Kevin Morris,martinezmindy@example.net,EMEA,2023-10-11,Platinum
CUST-6920,Charles Decker,opierce@example.com,US,2024-12-28,Bronze
CUST-6921,Jennifer Nguyen,schneidermario@example.net,EMEA,2024-10-11,Bronze
CUST-6922,Jorge Sharp,tylermcintosh@example.org,US,2024-08-09,Platinum
CUST-6923,Joseph Bentley,christopherward@example.com,EMEA,2023-10-14,Bronze
CUST-6924,Jason Potter,dmorales@example.net,US,2026-01-28,Bronze
CUST-6925,Richard Neal,olsenshane@example.org,LATAM,2024-07-14,Platinum
CUST-6926,Sheila Perez,newmanangela@example.org,EMEA,2025-07-20,Bronze
CUST-6927,Melissa Mendoza,robinsonjesse@example.org,US,2024-11-14,Gold
CUST-6928,Brenda Flores,qavila@example.com,LATAM,2024-05-28,Platinum
CUST-6929,Ralph Vasquez,cpierce@example.org,LATAM,2024-07-27,Bronze
CUST-6930,Christine Aguilar,baileychristopher@example.com,EMEA,2024-07-14,Gold
CUST-6931,Sandra Sanders,amandaherman@example.net,APAC,2026-07-14,Silver
CUST-6932,Deborah Brooks,mmoore@example.net,APAC,2026-02-21,Gold
CUST-6933,Craig Hurst,swilson@example.com,LATAM,2025-08-20,Silver
CUST-6934,Larry Curtis,hharris@example.org,EMEA,2024-07-10,Platinum
CUST-6935,Brian Fitzpatrick,jameshudson@example.net,APAC,2026-02-19,Gold
CUST-6936,Michael Lewis,michael03@example.net,US,2024-01-25,Bronze
CUST-6937,Sarah Robinson,collinsjavier@example.org,LATAM,2026-01-27,Gold
CUST-6938,Christine Arroyo,dcortez@example.com,US,2024-09-20,Silver
CUST-6939,Carmen Vasquez,laura31@example.net,EMEA,2025-09-22,Bronze
CUST-6940,Aaron Johnson,vincentstacey@example.org,APAC,2025-09-10,Platinum
CUST-6941,James Carroll,coltonrichardson@example.net,US,2025-08-10,Silver
CUST-6942,Jay Walter,ramirezdesiree@example.com,EMEA,2026-01-08,Platinum
CUST-6943,Stephanie Turner,stephen31@example.net,US,2024-06-20,Gold
CUST-6944,Melanie Johnson,hthompson@example.org,LATAM,2026-08-27,Silver
CUST-6945,Jordan Tanner,joseph97@example.org,APAC,2024-04-19,Silver
CUST-6946,Brittany Brown,fjohnson@example.com,EMEA,2025-10-28,Gold
CUST-6947,Jennifer Dudley,douglassusan@example.com,LATAM,2025-07-13,Platinum
CUST-6948,Michelle Harris,andrew43@example.org,US,2025-09-22,Bronze
CUST-6949,Rita Forbes,russomary@example.com,APAC,2024-08-26,Silver
CUST-6950,Michele Conner,mitchellchristopher@example.com,APAC,2024-03-04,Platinum
CUST-6951,John Martin,jessica82@example.com,US,2025-11-27,Platinum
CUST-6952,Hannah Thompson,wwatson@example.com,LATAM,2024-06-11,Gold
CUST-6953,Michael Preston,bward@example.org,US,2025-02-17,Gold
CUST-6954,Stacey Cook,debbie78@example.net,APAC,2023-11-17,Bronze
CUST-6955,Andrew Hunter,carolfernandez@example.net,LATAM,2025-04-27,Gold
CUST-6956,Robert Taylor,makaylasanders@example.com,LATAM,2025-04-24,Gold
CUST-6957,Wanda Stephens,johnstonjonathan@example.net,US,2024-07-27,Silver
CUST-6958,Carmen Perez,tracy55@example.net,LATAM,2026-08-24,Silver
CUST-6959,Kelly Weiss,barbarabrady@example.net,US,2025-03-17,Platinum
CUST-6960,Ashley Bowman,smoore@example.org,EMEA,2026-05-19,Platinum
CUST-6961,Stephanie Costa,simpsonruth@example.net,APAC,2023-12-07,Gold
CUST-6962,Dana Sullivan,amberdavis@example.org,LATAM,2025-11-28,Bronze
CUST-6963,Andre Martinez,mariabecker@example.org,LATAM,2026-04-11,Silver
CUST-6964,Trevor Henderson,dorothy09@example.com,US,2024-02-19,Bronze
CUST-6965,James Torres,lreid@example.org,LATAM,2025-02-27,Silver
CUST-6966,Vanessa Porter,anthony76@example.net,APAC,2026-08-29,Silver
CUST-6967,Jenny Matthews,stacy70@example.com,LATAM,2025-06-21,Platinum
CUST-6968,John Bullock,fking@example.org,LATAM,2026-08-27,Platinum
CUST-6969,Ronald Welch,gibsonkaitlyn@example.org,US,2026-06-14,Gold
CUST-6970,Julie Morris,arobinson@example.org,EMEA,2025-09-22,Silver
CUST-6971,Carl Huffman,wallssean@example.net,EMEA,2025-03-03,Silver
CUST-6972,Donald Cunningham,kingdavid@example.net,US,2026-03-07,Silver
CUST-6973,Steven Carter Jr.,carolyn61@example.net,APAC,2025-06-14,Bronze
CUST-6974,Ryan Gonzalez,ywright@example.net,APAC,2026-07-19,Platinum
CUST-6975,Susan Barton,turnerjeffrey@example.net,EMEA,2024-01-09,Bronze
CUST-6976,Katherine Reeves,garciadonald@example.net,APAC,2026-06-21,Gold
CUST-6977,Lisa Johnson,srichardson@example.com,APAC,2025-03-11,Platinum
CUST-6978,Joseph Benson,barnesarthur@example.com,APAC,2026-07-14,Bronze
CUST-6979,Jennifer Brown,natalie57@example.com,US,2023-10-15,Bronze
CUST-6980,Dana Reilly,davidmartin@example.net,EMEA,2025-05-04,Silver
CUST-6981,Craig Keller,angela71@example.net,LATAM,2026-07-03,Bronze
CUST-6982,Jason Castro,jamesevans@example.net,APAC,2024-12-22,Bronze
CUST-6983,Alexandra Brown,rodriguezelizabeth@example.net,EMEA,2024-10-25,Gold
CUST-6984,Elizabeth Cain,samantha73@example.org,APAC,2026-07-12,Platinum
CUST-6985,Karen Lewis,paulschultz@example.net,LATAM,2024-08-29,Gold
CUST-6986,Andrea Estrada,michellejones@example.net,LATAM,2026-02-15,Gold
CUST-6987,Angel Martin DDS,xfranco@example.org,EMEA,2023-10-31,Platinum
CUST-6988,Jennifer Goodwin,harrellkimberly@example.org,EMEA,2024-03-16,Silver
CUST-6989,Nicholas Brooks,oobrien@example.net,APAC,2025-09-17,Silver
CUST-6990,Karen Avery,wlucas@example.net,EMEA,2024-06-07,Silver
CUST-6991,Kyle Roberts,reynoldsanthony@example.org,US,2024-10-16,Gold
CUST-6992,Michele Waters,woodphillip@example.com,EMEA,2024-05-20,Platinum
CUST-6993,Victoria Peterson,samantha78@example.com,LATAM,2026-02-22,Gold
CUST-6994,Seth Barker,taylordavis@example.com,LATAM,2025-11-21,Gold
CUST-6995,Kim Jensen,kingjoseph@example.com,US,2024-12-29,Platinum
CUST-6996,Linda Perez,rebecca93@example.com,US,2024-03-24,Silver
CUST-6997,Cheryl Rogers,mramirez@example.com,EMEA,2025-02-26,Bronze
CUST-6998,Chelsea Austin,leahbarker@example.org,US,2026-03-15,Platinum
CUST-6999,Heather Daniels,james79@example.net,US,2026-06-16,Silver
CUST-7000,Nathaniel Walter,jamietyler@example.com,US,2025-02-25,Bronze
